"","x"
"1",4161.32532216265
"2",6953.23444880149
"3",9763.98036661191
"4",10204.877547177
"5",8145.32713265513
"6",6619.54550881684
"7",3540.9425575473
"8",4470.28841181769
"9",7228.41371032456
"10",3656.02930450323
"11",2199.16567560128
"12",7523.50992241624
"13",2140.40438568243
"14",4154.1698488103
"15",1341.40700554178
"16",9833.66376602609
"17",4529.45681024401
"18",6989.63788732386
"19",5799.16138331691
"20",13883.0728147121
"21",1886.15001282812
"22",5731.42945050099
"23",4123.80675818678
"24",8807.99015232624
"25",8355.65420066385
"26",6772.00725903898
"27",5129.45956776995
"28",5185.40449260746
"29",4013.24568286614
"30",2764.44762149162
"31",9780.0529919251
"32",10840.6560335376
"33",6003.01919319591
"34",6213.15207288269
"35",5724.31317847222
"36",2968.87934582657
"37",3509.85982441198
"38",2488.02143346216
"39",5732.91098606586
"40",5834.62492840411
"41",5132.94495766208
"42",2567.99075987755
"43",2808.70464466192
"44",7728.66069108376
"45",2762.69187155896
"46",4770.93985018524
"47",9448.86087517865
"48",1041.2627574589
"49",6434.74954460218
"50",8237.56412502826
"51",11779.235998159
"52",2522.66809283954
"53",6426.19870005944
"54",5784.75780611741
"55",2162.53009551129
"56",8382.56591528602
"57",6045.86201604642
"58",6184.40019041172
"59",3199.28308966296
"60",8008.09865393222
"61",6008.27369090077
"62",3101.05026268866
"63",620.854572496086
"64",4056.25335598295
"65",5892.36439277412
"66",5107.63446683786
"67",2052.55170095549
"68",1648.51633042505
"69",8161.19156614254
"70",6431.29103268479
"71",4081.7537722842
"72",7957.71945674304
"73",5199.58756674896
"74",6174.65482477425
"75",6136.17978498159
"76",1484.2749541768
"77",7344.60798964609
"78",2248.04623842303
"79",5066.96483660873
"80",6607.58419294981
"81",6919.25068857096
"82",3430.26220866403
"83",5834.59382055746
"84",5138.49393752869
"85",5597.54950248788
"86",9695.12069887272
"87",9118.79606570117
"88",5351.07596634398
"89",3826.01898778952
"90",5121.12820680195
"91",5431.28684345761
"92",1583.06828802242
"93",5120.4545998032
"94",11910.6370319824
"95",5811.68284125661
"96",3213.79346600268
"97",7523.17045120063
"98",4023.38564351213
"99",4202.11219585431
"100",2057.76278359606
"101",5586.68881678121
"102",3362.98163100053
"103",3428.39595657395
"104",3853.28360693326
"105",7245.6926339647
"106",7962.71856795746
"107",3445.97358038189
"108",7181.94273839594
"109",2236.08366112428
"110",4290.97608447028
"111",5041.15038812114
"112",6624.68321529822
"113",5777.03277514927
"114",3138.7412076692
"115",7983.7770758734
"116",2263.0629042667
"117",7458.9326944226
"118",6135.05617939844
"119",4468.32883054105
"120",3148.96597640804
"121",4579.72973220673
"122",7019.07585794554
"123",6099.85411351029
"124",4011.67508451152
"125",6580.24563152704
"126",3642.87966064899
"127",3358.36558460305
"128",3575.10887371894
"129",5059.32384699438
"130",4333.89897524478
"131",3391.64211152232
"132",4591.55914021289
"133",3214.85716666083
"134",4202.30947903229
"135",8669.31125501933
"136",4239.26756371302
"137",5442.71134240832
"138",5912.9781762085
"139",4187.13990692433
"140",4315.96613163949
"141",9250.82419281517
"142",4350.32327329885
"143",7936.34611516778
"144",7084.77433302806
"145",4811.92804204836
"146",2591.9561042813
"147",7462.40199191001
"148",4520.18599016289
"149",7456.22069424688
"150",5961.72022452572
"151",5717.33998743293
"152",5761.10416150413
"153",5553.45635581249
"154",3063.91540654568
"155",4232.66915724974
"156",3747.0511836973
"157",7859.26027125353
"158",2325.72997952515
"159",5267.12680606684
"160",6398.78849571373
"161",5446.52509334643
"162",4760.6781998087
"163",3522.56062503922
"164",3633.30205586948
"165",6077.88655600266
"166",5964.85543632798
"167",5096.07113120018
"168",4669.64233377198
"169",2635.07682857534
"170",5443.66112345178
"171",2671.7810644384
"172",6075.5334058908
"173",4733.295942339
"174",6915.88751860813
"175",5364.9964866325
"176",6085.74927631614
"177",6954.63864112104
"178",4602.03826137679
"179",5500.08934014366
"180",4588.37707642827
"181",5256.0255320787
"182",6122.78962801112
"183",2223.41343919683
"184",3252.34471953241
"185",3562.09742056602
"186",1270.37359955657
"187",8862.50210056367
"188",3628.74325404916
"189",3144.79061450792
"190",4591.61741538794
"191",7881.90638033551
"192",5302.47934840876
"193",7015.30863097706
"194",6911.87905126554
"195",5645.19111644744
"196",7938.97769451491
"197",3815.83073798352
"198",4050.29244751652
"199",6526.32930735621
"200",5928.29221615056
"201",4943.07917848282
"202",4231.60362878774
"203",6107.96279119572
"204",7587.36073700164
"205",3544.90092441189
"206",4900.32509310707
"207",4693.53518239374
"208",3465.45947316411
"209",3252.92367256398
"210",1904.44692979002
"211",4358.62682623148
"212",3985.31230389536
"213",5688.36334643053
"214",4298.23942719755
"215",8122.23385356518
"216",7556.76658847131
"217",6465.70977600431
"218",2153.23102490162
"219",4183.05024559738
"220",3202.93598198052
"221",2150.22021784203
"222",5917.49137565779
"223",8238.29823212861
"224",3768.83909312874
"225",6134.82253591949
"226",2590.10938744899
"227",3907.09666409803
"228",8078.63919282815
"229",2630.6518802208
"230",2243.31106570049
"231",5133.96164438315
"232",3685.76343843353
"233",5217.55029805528
"234",6618.97408096795
"235",3048.34122156521
"236",9298.17676813545
"237",6044.31137053156
"238",1947.0040944785
"239",1937.15730097366
"240",6089.17536782176
"241",6165.96871615667
"242",3985.83951941598
"243",7125.65961729235
"244",6543.82744372432
"245",1910.16524876608
"246",2216.21505095373
"247",7816.63551257912
"248",5950.51467301149
"249",1456.133562562
"250",4981.42060882779
"251",7732.83805529639
"252",5951.72972134734
"253",3097.26475345524
"254",7883.86411651969
"255",8141.21065127681
"256",5583.01794693846
"257",1972.89963279822
"258",2840.29645924456
"259",3122.23063701222
"260",10964.9460432109
"261",9419.59199199767
"262",6708.02858679544
"263",5935.59263629396
"264",1298.46054978372
"265",6668.5885324502
"266",2651.07075084135
"267",14288.0085686328
"268",1977.13120524498
"269",1954.92649540387
"270",3041.56425937545
"271",3131.31380367622
"272",4511.56155237637
"273",7283.56518851657
"274",6815.345862947
"275",8097.09399574815
"276",7681.79674501816
"277",4159.93533856567
"278",4351.25488788309
"279",2137.46706806513
"280",3089.55752081523
"281",5332.94582948729
"282",7015.60246803926
"283",2662.66586792999
"284",10032.3153861951
"285",8077.58841845917
"286",4684.91105283867
"287",6526.12687006092
"288",3383.60293814068
"289",5268.2494852416
"290",6709.81807932188
"291",3473.45027151733
"292",2645.96813847439
"293",4637.24888846156
"294",6864.32378145988
"295",3325.44709364377
"296",5722.91603728279
"297",7892.14583513071
"298",2503.51258206548
"299",6134.08072861959
"300",5963.26102409814
"301",1673.57138232124
"302",6787.66694792366
"303",7124.31253636401
"304",2687.6689233068
"305",7274.28682175901
"306",6629.29303946282
"307",5935.90368239867
"308",1461.35549224151
"309",7804.73070787423
"310",3001.45307978435
"311",4056.76650213543
"312",4262.11872355803
"313",2903.21463747218
"314",7635.77142814279
"315",5865.13321229373
"316",4205.66171923757
"317",2824.77595522534
"318",5071.72373600054
"319",6612.45083646965
"320",4812.88238838897
"321",7095.25221998565
"322",7521.81083634909
"323",7001.18535834033
"324",7760.74686667282
"325",6176.99372851755
"326",6910.05456899467
"327",2919.8923635761
"328",5649.68204516644
"329",5321.75813143112
"330",6469.5530127986
"331",4459.16367387219
"332",6855.55302378058
"333",6899.53102858644
"334",5255.61761482939
"335",3266.82136769075
"336",4483.73094937007
"337",7067.07050012174
"338",3100.89977299928
"339",5005.58462962159
"340",6639.4039857951
"341",1741.72462659574
"342",2613.40759375622
"343",5779.2079902016
"344",3012.85126681253
"345",3123.61073975498
"346",4154.06033100572
"347",5046.61776928208
"348",6805.48279568012
"349",4782.25245230744
"350",3313.11966187257
"351",8280.07063634146
"352",3539.78414075059
"353",4056.97867981746
"354",3210.82253158954
"355",4475.22918899282
"356",2661.87532662955
"357",6194.95462416456
"358",4308.36492113012
"359",4063.79531499115
"360",4199.7419250661
"361",4373.18006228126
"362",8096.32301390963
"363",5565.11048054532
"364",1765.03733710217
"365",3839.31977610965
"366",10235.846237772
"367",4806.94650290371
"368",5960.53550942766
"369",3515.33916137426
"370",4481.04706848261
"371",5232.68438626849
"372",12363.993741789
"373",5898.99674005568
"374",7601.81147342233
"375",2959.25310065591
"376",5275.33199811762
"377",4389.27353661339
"378",2734.52178690123
"379",8246.85109960852
"380",1783.13128924265
"381",8470.22672414273
"382",7053.62209304253
"383",7166.44785381685
"384",1299.44322068716
"385",7844.47906247212
"386",4632.11536208785
"387",3652.75462526962
"388",5129.80939820246
"389",7033.43748062587
"390",3801.92129515798
"391",9571.06458086445
"392",6983.13870332675
"393",11734.6362695606
"394",5785.42972892546
"395",7569.60243642121
"396",4364.9397922788
"397",6221.21898126061
"398",11062.8197250895
"399",4919.44755832816
"400",6016.49117900862
"401",11398.4720273311
"402",6742.43551553524
"403",2497.13757120207
"404",6151.83250733878
"405",9071.78201919777
"406",6052.53138988424
"407",2842.44379163894
"408",4909.58942594595
"409",3941.08313414088
"410",4341.16911942686
"411",4378.86508121144
"412",5002.83980091615
"413",3736.05435114529
"414",2956.37214648334
"415",4313.26807661873
"416",5460.55603288027
"417",7062.15408814966
"418",3686.26378523494
"419",9526.45049282664
"420",8342.46629298246
"421",2481.7555189954
"422",3684.57409432094
"423",6438.28241380415
"424",5469.9169602234
"425",2882.12661921448
"426",5321.10475267319
"427",7740.06875963026
"428",6338.70709024149
"429",4992.11958377506
"430",4936.2579763399
"431",4848.47642360884
"432",4454.98346850998
"433",9054.62530620547
"434",9027.04917815991
"435",6209.44834595307
"436",5064.21286929899
"437",3944.77356525895
"438",4486.39873315959
"439",7554.49511778471
"440",4074.51156860724
"441",3750.4063563922
"442",3092.92591525393
"443",3665.75149778003
"444",6465.10376537993
"445",5560.04738258978
"446",2432.53937240446
"447",2330.60719984694
"448",4589.50433809037
"449",2306.06737084349
"450",4889.55428059987
"451",10778.7727945576
"452",5075.26480202132
"453",5799.73351168353
"454",6018.86378997425
"455",6236.94433897507
"456",4016.74116564501
"457",3323.75309013505
"458",5874.55979044078
"459",5017.35472086811
"460",3653.04055442289
"461",8198.25616333075
"462",4145.1989281383
"463",4182.34406639996
"464",9484.18075102073
"465",1225.42377671681
"466",5843.16064828966
"467",7566.47829511011
"468",2546.78576002247
"469",8365.831061145
"470",5823.12533611426
"471",5115.77292566444
"472",1815.67863973987
"473",10084.7553315611
"474",7096.22698464547
"475",4871.90617151815
"476",2179.72229479818
"477",2693.31623294443
"478",5119.99094203918
"479",6242.7377872928
"480",4960.63363310543
"481",9752.58915801102
"482",4100.9381953337
"483",6108.66872905992
"484",5586.64089320129
"485",8118.92678536364
"486",2057.23807175213
"487",5011.40510408045
"488",5214.22392820811
"489",3383.76501339482
"490",4796.20341629605
"491",4318.41455949744
"492",3601.46544569859
"493",3619.42762530845
"494",4553.48213928496
"495",3528.2606869567
"496",6642.43380954576
"497",11206.8350718861
"498",7016.23105660477
"499",2464.65799091541
"500",8179.77072880638
"501",5222.66303722898
"502",3876.9522782882
"503",6702.16351196374
"504",5474.19662763638
"505",4615.35199892055
"506",5863.21503024886
"507",3477.34040274081
"508",6272.74161159375
"509",5382.6203705243
"510",2828.766321173
"511",5740.53485516272
"512",8494.79954080831
"513",7347.18484569312
"514",5886.31137561676
"515",4194.33879451046
"516",4422.42955271417
"517",7331.21701143828
"518",8157.31863331475
"519",5798.26005170087
"520",5434.00729023188
"521",6566.90558549954
"522",4376.92797079479
"523",6368.33504785644
"524",2519.75435919117
"525",5515.78403880436
"526",4142.97787140968
"527",8997.5486418712
"528",5185.61692949902
"529",7711.83911513054
"530",6648.21839333198
"531",5323.52243254677
"532",5862.6862583686
"533",7308.51477220055
"534",3396.85664240911
"535",6320.357968072
"536",5856.88070847973
"537",5835.42851433402
"538",5379.863252507
"539",5170.60577576188
"540",7486.4974646878
"541",2662.91819235653
"542",11188.2125240848
"543",5226.62379788433
"544",9985.99985038675
"545",4054.27260458854
"546",4977.75025772938
"547",931.442986419133
"548",6013.0972385304
"549",2522.87273079995
"550",5991.77061763708
"551",5427.90885128855
"552",2787.31510162674
"553",2331.65321246575
"554",4484.51907344355
"555",4677.33367853618
"556",5510.52102341317
"557",1197.36346189573
"558",4780.13292773312
"559",6511.25787169929
"560",3519.84731429769
"561",3751.26941921341
"562",7313.42752124532
"563",2854.14687084319
"564",4173.28078274778
"565",8151.26236570138
"566",9905.93201956205
"567",4996.71892228053
"568",2884.88869487675
"569",6372.81858123245
"570",4690.74287785555
"571",7227.03383460286
"572",5077.23841318319
"573",4183.74874912249
"574",1887.72959159716
"575",4128.37663518882
"576",4857.62045106106
"577",6387.36972485489
"578",2643.44404691161
"579",3746.71756293811
"580",5756.89085591707
"581",5723.97886557312
"582",7413.44779510482
"583",6640.81086359592
"584",6410.53139309201
"585",7102.71773233247
"586",6754.58549848135
"587",4655.23076767061
"588",5592.55853109533
"589",5881.94955704774
"590",3365.34602289187
"591",4445.54500071763
"592",9333.21024420246
"593",2797.12722869706
"594",2569.63826100936
"595",4594.3246585466
"596",10134.9221575324
"597",2822.62567493832
"598",6401.7908420398
"599",5187.29518704844
"600",3706.93180807319
"601",2738.18450594094
"602",1875.45214157831
"603",4142.04813607852
"604",4402.6206955621
"605",4832.64269134915
"606",8908.81221613713
"607",5717.15202679095
"608",5943.46156867169
"609",2458.71645968489
"610",5092.95264359942
"611",7391.64781207056
"612",10284.7323342891
"613",4041.76138573064
"614",2585.56413341168
"615",7082.84104919934
"616",4232.23206491838
"617",4993.30554102699
"618",4190.10418052442
"619",2280.84991089039
"620",8665.15920760774
"621",6302.78655267158
"622",2665.06643197674
"623",4223.59917770949
"624",2458.34986398695
"625",4897.99244224321
"626",2899.3065805388
"627",1888.48770264332
"628",3669.83059289079
"629",6034.81922518992
"630",6647.6698191099
"631",5969.72983519849
"632",3412.15367152978
"633",7236.39363524027
"634",3008.4828732207
"635",5341.33981093951
"636",5020.31013364421
"637",4748.01709568681
"638",7612.09262094309
"639",5386.34807091649
"640",3640.43773946253
"641",6601.72833047004
"642",7765.61085350235
"643",4542.91510632657
"644",7410.20172211522
"645",8753.50077978865
"646",2936.57804211084
"647",5099.71629405621
"648",3234.34208101558
"649",1906.17359846854
"650",4488.53572320187
"651",8036.15053278324
"652",2525.47105341847
"653",5646.6911261272
"654",6260.54678103409
"655",4091.39787902095
"656",6404.46647947148
"657",5564.11178453808
"658",5008.70353602088
"659",3032.26859306428
"660",7375.59902679111
"661",10942.1398350956
"662",3060.03195932438
"663",5238.01978776586
"664",4482.85464137979
"665",3762.55569451669
"666",9627.99547112989
"667",1944.61848344468
"668",6894.36107501626
"669",8547.5041138567
"670",3690.94617662957
"671",2974.91078230372
"672",5936.75235118257
"673",5085.13411996182
"674",8076.589421215
"675",6192.55848200532
"676",1364.50222962402
"677",2593.59917667171
"678",5689.03197554941
"679",5770.4178603011
"680",10776.7636090665
"681",3648.83183941769
"682",7370.0586090514
"683",7367.54803194484
"684",4909.15344010905
"685",6930.62891283928
"686",5523.95035452023
"687",5484.17143020488
"688",3601.17194693722
"689",4103.39718491829
"690",6445.96880875027
"691",6631.70321277861
"692",2447.3087080284
"693",2451.25607325399
"694",4518.48174369609
"695",2508.44286474807
"696",5394.20041680173
"697",6834.15720085322
"698",5107.36414719891
"699",9665.6783624083
"700",8498.29801382922
"701",3171.29540727712
"702",3433.66239258478
"703",11050.5208119158
"704",3861.3175664696
"705",5557.33981954877
"706",5513.73300195602
"707",3942.78278844856
"708",4903.46319027845
"709",7693.76520172908
"710",3732.48384124355
"711",5951.39286476688
"712",4913.86649256869
"713",5331.36728777777
"714",5938.19692597276
"715",3723.2710231056
"716",11602.5397871733
"717",7390.20712068194
"718",4156.67581202969
"719",4850.83619986975
"720",7373.12176865037
"721",4017.19228470128
"722",8348.30954414391
"723",6224.78187479539
"724",3108.13362354838
"725",3212.75081930769
"726",6444.40972793842
"727",8190.87172112463
"728",3550.57325064746
"729",6476.0871597114
"730",3616.09010854521
"731",3011.33890572592
"732",10825.6376592749
"733",5375.64208080224
"734",5023.88864860625
"735",7852.79248582659
"736",4008.77748038963
"737",4721.49544465973
"738",3012.66337516368
"739",6815.41190942132
"740",2968.27316772769
"741",5923.83324961446
"742",4311.95980495942
"743",9149.54604309116
"744",2671.28184026957
"745",1952.27599250223
"746",5758.64148155868
"747",4247.1553247447
"748",5170.61377335415
"749",4157.38800692599
"750",3846.86155450513
"751",4721.32925321878
"752",8867.77024407143
"753",4951.63007206051
"754",3836.91280384047
"755",4237.34096109145
"756",6677.29742614442
"757",4785.28660604684
"758",5411.96322623413
"759",3839.10944156029
"760",6766.90078859631
"761",5670.42572488362
"762",8454.0062183087
"763",2013.51316528191
"764",2243.18463794206
"765",3664.58690162387
"766",2808.20305862208
"767",2831.20405901998
"768",6604.70374827518
"769",8132.88899917703
"770",4840.90984336991
"771",2972.98927661806
"772",6219.33296936558
"773",5120.58431123802
"774",6079.36737882713
"775",7778.55569684866
"776",9958.07767270098
"777",7083.86548397277
"778",6567.93261171097
"779",5424.02775112016
"780",6355.98624983802
"781",3842.92820303538
"782",5468.59108805162
"783",12106.7941028725
"784",5726.22365436348
"785",5546.26106852764
"786",9128.07074448228
"787",9131.62499834219
"788",8876.78993669426
"789",1933.4003699607
"790",3089.67659769737
"791",6942.00809933321
"792",8903.66306636657
"793",7660.54647153983
"794",3086.49757079349
"795",3660.2881963207
"796",7056.26690520305
"797",4224.44551900547
"798",9202.43577367073
"799",8564.0083941457
"800",8828.24773728522
"801",8611.80103217124
"802",4220.68973659654
"803",2766.9617907494
"804",4889.92885070737
"805",1077.07229358435
"806",3730.4830816451
"807",4315.29756685917
"808",2520.89906057745
"809",4923.17560088675
"810",5635.33115623868
"811",9159.6802372727
"812",5998.02369459131
"813",8836.98962532531
"814",4308.56785493199
"815",4270.39015855349
"816",4889.42667155567
"817",6015.8331595895
"818",1847.67389972496
"819",4926.6018442224
"820",3212.63731682551
"821",4944.59626342752
"822",2347.12705755653
"823",3574.74839360255
"824",4042.96815603599
"825",2454.38126597577
"826",5754.7258753276
"827",6093.64016165014
"828",4396.9887830987
"829",6244.05918841501
"830",6029.93848859245
"831",6433.69577029441
"832",3134.59292908356
"833",7380.41879951971
"834",4249.03234703059
"835",7459.09888070053
"836",6325.15481884405
"837",3021.63214868092
"838",4930.83390958537
"839",4615.16115367832
"840",4366.29666287609
"841",6441.98123372043
"842",2401.33717190637
"843",3755.81827298924
"844",6017.15701443458
"845",5545.6649891056
"846",8062.09179682721
"847",4009.34393808263
"848",3782.1643913475
"849",6681.52603806125
"850",7054.24936387868
"851",9746.6270409961
"852",3432.40066640999
"853",4660.22322895384
"854",2975.85651634954
"855",8591.73294232105
"856",9004.92570653564
"857",7059.77614991221
"858",5371.39690944832
"859",2956.43180851452
"860",5067.83204889979
"861",5133.65609497036
"862",6421.18180024246
"863",5396.53055378894
"864",2955.79088653391
"865",4248.87451089174
"866",3068.1194019579
"867",3382.8278042844
"868",4312.70297121198
"869",3362.4708615219
"870",6982.49113915919
"871",7366.5203489291
"872",7374.15144093626
"873",5397.70158288506
"874",4619.68235583161
"875",7728.77637532895
"876",4744.23730754259
"877",7657.57275067666
"878",3952.42962950072
"879",4653.60894721386
"880",5823.37905296346
"881",791.318746978824
"882",2992.91850088607
"883",7784.58345146978
"884",5800.5971403502
"885",6037.05674995208
"886",4552.25381899276
"887",5711.61183157959
"888",9848.68692840228
"889",6000.62256076798
"890",9748.16227220627
"891",3442.92200120253
"892",3173.2638698832
"893",4273.01231065649
"894",9099.4078609462
"895",4588.71149497991
"896",8439.61380735238
"897",4437.10240219161
"898",3711.09871808079
"899",4533.97072013939
"900",5157.54173627531
"901",8204.51182220306
"902",3589.11114248302
"903",4346.15078856563
"904",6826.80914476182
"905",3446.72088087496
"906",4464.01161882374
"907",2506.7976174319
"908",1875.03028223111
"909",3877.43972707324
"910",4096.22484397172
"911",8298.89823290001
"912",4837.01269898214
"913",4362.97456825338
"914",5812.13522417296
"915",5746.89209530316
"916",7550.15669799561
"917",7898.59621392027
"918",4149.54059478297
"919",5377.93678267603
"920",5184.02941864857
"921",3178.92650086439
"922",6841.18440573866
"923",5204.17750708171
"924",7750.63233052887
"925",2052.05807900993
"926",5058.41860167333
"927",5727.0766103614
"928",8709.61398183584
"929",2546.25926260807
"930",6423.19916044769
"931",5047.30254506302
"932",8480.3234355037
"933",4465.91248617053
"934",2051.23344392685
"935",3390.88043513487
"936",3297.40978066734
"937",5051.59819928731
"938",3297.104251121
"939",5259.15082265134
"940",861.237401688937
"941",7437.44188171986
"942",4074.31527916802
"943",5299.66155252745
"944",4533.20145729219
"945",3815.52304769738
"946",3976.750712357
"947",3888.33895481611
"948",7384.92750628176
"949",6727.10348612507
"950",2963.5922148652
"951",5391.4481507084
"952",3007.92710988782
"953",8541.62904716411
"954",3442.11430279963
"955",4426.84949608188
"956",3892.86806068994
"957",7278.35482563998
"958",2913.34390892409
"959",3203.41701704927
"960",10090.9885798445
"961",5141.07143743202
"962",5230.16948181903
"963",3097.36398885411
"964",8231.50589654769
"965",2452.77003106172
"966",5972.74703232828
"967",1661.86486975208
"968",5133.80975724058
"969",4827.39739966515
"970",7736.31570038799
"971",2868.74427411577
"972",1664.57838028081
"973",2864.91957355884
"974",4783.03169489285
"975",5680.61402459349
"976",5417.55900192849
"977",6900.49252898362
"978",3663.73052468518
"979",1984.76370168966
"980",3152.05643132346
"981",4810.14519311511
"982",4991.23199592432
"983",5661.08939257526
"984",3919.82850104105
"985",4229.97564486117
"986",4708.43129066029
"987",2686.58433415159
"988",6400.07346175273
"989",2463.61406339868
"990",4050.70996880223
"991",3573.25956126367
"992",3500.79264264944
"993",9349.93360622594
"994",4551.61753812473
"995",4066.40511275281
"996",2751.86185300769
"997",7074.29405939474
"998",2891.89787995646
"999",12604.4335157229
"1000",5778.51226879429
"1001",5131.40033447382
"1002",4650.3137364416
"1003",7499.98887307633
"1004",9488.98576346546
"1005",10576.4943045172
"1006",6547.68195130111
"1007",1903.93117653125
"1008",3540.58783742128
"1009",5670.27009641996
"1010",4208.67117045441
"1011",7154.23883970157
"1012",4583.27922169893
"1013",9036.30018944707
"1014",5380.50106283335
"1015",2644.94858379988
"1016",11230.0123388551
"1017",4618.14173184708
"1018",3053.76697379764
"1019",3911.24278888415
"1020",5891.69947429781
"1021",4211.91880689259
"1022",6256.85466644453
"1023",3856.05245464866
"1024",4004.43597108516
"1025",8428.88544796978
"1026",6115.70439555263
"1027",3306.6313859988
"1028",5748.124463588
"1029",5511.25895146531
"1030",3409.39018312271
"1031",6513.89081719052
"1032",5949.95840153581
"1033",4116.72448402247
"1034",3072.69546797831
"1035",6378.84908291313
"1036",6157.02741062257
"1037",4760.98760332091
"1038",4016.56670774613
"1039",6211.8274119526
"1040",3425.28572014114
"1041",5344.21609493496
"1042",3054.55446970608
"1043",5167.45076735766
"1044",6483.99487776245
"1045",3670.99581651104
"1046",4022.518787576
"1047",3539.05214751564
"1048",7951.16857157304
"1049",6981.70043250622
"1050",6969.84995209449
"1051",3126.16098309925
"1052",6290.80541793827
"1053",4596.10950867785
"1054",4504.45585128426
"1055",2469.39992232143
"1056",8409.20692011534
"1057",7328.8493208845
"1058",2633.83342368383
"1059",7445.25831709814
"1060",5344.23741118261
"1061",7695.83125184535
"1062",11071.9120577212
"1063",3260.46616865305
"1064",2750.51898988505
"1065",2953.77175971895
"1066",5948.97393762227
"1067",3683.13529269554
"1068",3441.12767814437
"1069",5418.9984973165
"1070",6038.91553161119
"1071",10057.3728657257
"1072",2410.25456928409
"1073",5306.2084665763
"1074",7645.70268576959
"1075",3997.50493618875
"1076",7163.27104910207
"1077",4513.97474271362
"1078",4350.46695347311
"1079",3714.5608459033
"1080",12774.1754345202
"1081",4245.4029982455
"1082",3951.54886870552
"1083",2744.31265396578
"1084",6637.25638245983
"1085",9530.62941108737
"1086",5893.84257506218
"1087",7597.32047086809
"1088",4506.82584308117
"1089",3299.60923802428
"1090",9372.73080272711
"1091",5618.59314886725
"1092",10869.0578599112
"1093",2794.67650911625
"1094",8786.17261298298
"1095",4054.71449057001
"1096",3865.54090106033
"1097",6575.41911575472
"1098",5374.17837787751
"1099",3783.1172022695
"1100",2795.80142278463
"1101",3594.11170010536
"1102",6817.66512022843
"1103",8794.2243969831
"1104",2283.61477435799
"1105",5171.70908886159
"1106",5122.45675481105
"1107",6796.75735732191
"1108",7697.88836866803
"1109",5543.6437425671
"1110",5599.70112746354
"1111",4963.49487736041
"1112",10255.7183978794
"1113",1828.71069582837
"1114",3960.71879265102
"1115",7417.61961421371
"1116",3838.16790333111
"1117",3776.90457426361
"1118",6253.35895810457
"1119",5545.98900373059
"1120",6937.2294227003
"1121",5481.01662220352
"1122",5769.81150017172
"1123",3369.43086293235
"1124",3866.5299564387
"1125",2389.20964252145
"1126",3080.03974390996
"1127",7969.93553276558
"1128",5914.87207718357
"1129",2609.31254967483
"1130",5148.49437974277
"1131",2709.65837645152
"1132",2881.5849067638
"1133",2980.30296996876
"1134",4365.65140420239
"1135",2807.93391155283
"1136",1983.93413788837
"1137",7889.68292351265
"1138",6618.04096596787
"1139",2692.09339076898
"1140",2560.3685361403
"1141",7264.46425765194
"1142",5943.41918817803
"1143",8005.2205532334
"1144",7296.17602769821
"1145",7738.69957133551
"1146",2151.15278092248
"1147",5399.31683395279
"1148",8411.43463673454
"1149",5930.51383700821
"1150",3339.65631715878
"1151",2232.05545216694
"1152",2713.92439417576
"1153",10044.9612525644
"1154",6796.03933633846
"1155",9929.25573755143
"1156",5899.77635262051
"1157",5814.79845782393
"1158",8833.7341667366
"1159",9976.3837209121
"1160",987.883570423
"1161",2997.28632800112
"1162",6114.02960025094
"1163",2667.37487997924
"1164",4497.70097662165
"1165",4844.92216658714
"1166",6141.78334209439
"1167",4293.38958936982
"1168",5327.67469481169
"1169",7595.44562935323
"1170",7582.81036870612
"1171",7738.56923944672
"1172",4626.55297909107
"1173",7356.07269366569
"1174",5902.06093702017
"1175",6656.46722118644
"1176",6629.13780246605
"1177",4490.88012197817
"1178",6489.69740242837
"1179",5200.57189126505
"1180",2364.29422315251
"1181",6619.42544554727
"1182",4676.17539804312
"1183",10695.1873869302
"1184",7066.29624799889
"1185",6881.6070774548
"1186",6300.59532989719
"1187",3440.35549834964
"1188",7719.91728692391
"1189",5334.36365919898
"1190",4735.79708508885
"1191",6576.28346511332
"1192",3285.80477702257
"1193",9837.67760385771
"1194",10363.915128372
"1195",3392.95019669319
"1196",8391.94094362785
"1197",5378.9686959681
"1198",3640.4951648399
"1199",1140.5152340635
"1200",4971.66226818884
"1201",6985.97442587494
"1202",10592.8624436738
"1203",6085.36042288295
"1204",4757.4260194219
"1205",7021.13819886855
"1206",4117.89157320402
"1207",6746.93332373386
"1208",4143.79312195192
"1209",4412.51055957749
"1210",2772.65124656394
"1211",6745.46888198727
"1212",4039.99222801276
"1213",3716.42599037621
"1214",3420.15238787705
"1215",6782.53140283143
"1216",5002.44109484833
"1217",3416.83233419852
"1218",5581.45175338606
"1219",8976.88885069941
"1220",9917.04334935785
"1221",6005.612271127
"1222",4982.76405417011
"1223",10242.605357799
"1224",7306.75336781517
"1225",5732.64811990614
"1226",13745.4896979052
"1227",3269.39551600209
"1228",4531.99659184564
"1229",4953.26656075072
"1230",6948.02892669436
"1231",3502.94655280485
"1232",4804.39130906615
"1233",4339.88606626965
"1234",3451.00768842601
"1235",2325.72002724872
"1236",3911.01145514695
"1237",7101.6030091297
"1238",3369.05443942896
"1239",2613.81668475794
"1240",5060.00293184345
"1241",4206.46792865498
"1242",7173.0108364175
"1243",4346.20663425216
"1244",8401.80106588942
"1245",5127.87447319145
"1246",6673.22022883495
"1247",5990.19703698315
"1248",3614.32714794646
"1249",2216.61306416249
"1250",1756.08778304519
"1251",3453.15652539668
"1252",8574.65013448545
"1253",1937.68478224095
"1254",2863.41391278122
"1255",4120.40877620579
"1256",999.985525627388
"1257",4929.84644258895
"1258",4135.86510041606
"1259",2853.47554237436
"1260",4146.26965606341
"1261",5503.8947439745
"1262",3112.61893101659
"1263",2773.38338618213
"1264",3040.17393937858
"1265",8757.00101533788
"1266",2267.78552280483
"1267",2838.54821423045
"1268",6365.64030447311
"1269",2317.26498335559
"1270",1861.16089670913
"1271",4059.26293164701
"1272",4156.1464843158
"1273",4718.96603797266
"1274",2803.65654345334
"1275",7149.80787645234
"1276",6078.16381747735
"1277",3316.95997027127
"1278",4781.23774416506
"1279",7554.78898413986
"1280",3321.55516768596
"1281",3414.65487997647
"1282",6062.13489989645
"1283",2461.25730749348
"1284",5289.30875224841
"1285",5570.17244081543
"1286",2887.85558411514
"1287",4839.12147130619
"1288",3731.27077153546
"1289",9061.49562404031
"1290",3902.95886715915
"1291",5252.55632115831
"1292",6411.44558467541
"1293",4083.78391603765
"1294",7105.43089470826
"1295",3560.42955373327
"1296",5176.09863228223
"1297",7129.63767757866
"1298",6262.17220071185
"1299",9336.94314828009
"1300",3553.5096746757
"1301",5000.83792111906
"1302",4298.72659335018
"1303",3220.61654613138
"1304",4402.22568005661
"1305",5050.7398382494
"1306",4563.89256388118
"1307",3861.32091799891
"1308",4365.42386577226
"1309",11625.0301180556
"1310",1622.17447977082
"1311",4013.97205220605
"1312",3660.63618135353
"1313",2983.29320105497
"1314",7709.61977243208
"1315",639.327417710563
"1316",4124.53033455269
"1317",3389.14483041881
"1318",4445.06533276982
"1319",2958.95611248934
"1320",4269.16657995671
"1321",427.271604358277
"1322",4812.03940560477
"1323",4486.48208285833
"1324",9793.19205026072
"1325",3965.02254067815
"1326",11972.6906298656
"1327",5850.70712388412
"1328",2833.84876318125
"1329",1946.6174157653
"1330",3726.65110850497
"1331",3361.71921001846
"1332",4947.77969253232
"1333",3613.17090926028
"1334",4414.92625724804
"1335",6304.47401573922
"1336",4634.44062458194
"1337",5767.18016034726
"1338",3245.59038527741
"1339",2787.48752169631
"1340",2525.15804806474
"1341",6497.32750841114
"1342",5666.77313590958
"1343",5746.78631617833
"1344",14335.7967794982
"1345",5361.29818798188
"1346",13558.3491170392
"1347",5305.1797091419
"1348",5546.76876158046
"1349",3947.51593413489
"1350",8888.09661599726
"1351",6431.36434056947
"1352",3228.51846053143
"1353",7293.56093553826
"1354",1021.62759000767
"1355",7339.19245627103
"1356",4449.66901155509
"1357",7658.40669242362
"1358",4332.48306050291
"1359",3611.23327090649
"1360",9595.77019041457
"1361",8672.53944089427
"1362",4122.482032687
"1363",2969.12066927273
"1364",6459.86166658218
"1365",10372.1372200641
"1366",9900.03319490218
"1367",3567.92075130693
"1368",4145.63815798459
"1369",7406.3943572992
"1370",2809.44272399147
"1371",3833.20059249148
"1372",5205.46579980192
"1373",4200.39080694906
"1374",4941.86857696564
"1375",4508.2410354453
"1376",6501.52839254891
"1377",2773.26848135376
"1378",3052.81819929194
"1379",12833.0038900909
"1380",4238.6102222277
"1381",3804.67208066693
"1382",7946.04066863511
"1383",3277.74584788457
"1384",5736.89436962665
"1385",3140.94483461394
"1386",6401.41678561684
"1387",2825.72255500715
"1388",4873.42006058095
"1389",5973.06068413053
"1390",8144.20822480129
"1391",6762.18643254653
"1392",2703.43709426001
"1393",3170.77786272153
"1394",5948.25679385773
"1395",5854.69006566831
"1396",4274.69427888398
"1397",4289.66373803065
"1398",3739.87861316133
"1399",2152.68462919729
"1400",6749.18171267264
"1401",6558.47585595684
"1402",9038.12996085733
"1403",3020.63748845248
"1404",4403.7007577616
"1405",4125.54609390738
"1406",3155.82834025932
"1407",4671.17915104347
"1408",5592.62589504634
"1409",5866.82441274397
"1410",3068.94139254076
"1411",2074.65206163214
"1412",6570.38311115053
"1413",6609.28185755154
"1414",2860.92822516401
"1415",2669.42105028057
"1416",6088.19672848942
"1417",2801.86972027854
"1418",5594.63591142232
"1419",7367.11551941343
"1420",3308.10323935153
"1421",7056.28254294372
"1422",6431.20303487254
"1423",2733.71020707197
"1424",2322.86729291599
"1425",6453.76817031903
"1426",5187.60241481377
"1427",5521.0915335468
"1428",9463.98070878722
"1429",6397.0180911537
"1430",4730.37968937366
"1431",6354.1874715325
"1432",3746.29527758237
"1433",4403.44979790266
"1434",4593.53649280663
"1435",4911.6436676936
"1436",8862.83949362021
"1437",4384.20446480199
"1438",3537.04840692022
"1439",1321.60059000214
"1440",6630.15538933786
"1441",9894.7999656942
"1442",3132.83218288061
"1443",6140.29982504965
"1444",5020.51000843127
"1445",3918.26922376489
"1446",4031.59035321086
"1447",8680.60397193924
"1448",2947.83758882724
"1449",3042.9404945462
"1450",4368.50644578284
"1451",6202.96334948542
"1452",3544.350318068
"1453",2781.08964289125
"1454",3786.02319860266
"1455",4704.4918840297
"1456",4020.76433013013
"1457",4120.65596163523
"1458",8954.48251512559
"1459",5082.82351956872
"1460",6404.43905490165
"1461",7261.54151106521
"1462",13011.5789177108
"1463",3211.94549004239
"1464",5747.78886271454
"1465",10022.3718677225
"1466",4677.97376577574
"1467",3831.89935207018
"1468",4595.71966863988
"1469",6001.01871417731
"1470",4938.19501860917
"1471",3172.63795395044
"1472",5064.99452897336
"1473",2266.19532448938
"1474",4572.7463268101
"1475",4602.8891211843
"1476",4279.98388091783
"1477",6615.16605053458
"1478",6077.56705962837
"1479",8297.61851734691
"1480",4840.07395849878
"1481",2217.14647676639
"1482",8028.39405239973
"1483",5437.04301359609
"1484",3148.03492231591
"1485",4032.45473798545
"1486",4721.9418973081
"1487",4922.16296271078
"1488",8590.26480059407
"1489",7705.34754222137
"1490",6248.20251524588
"1491",1709.25499757112
"1492",3620.258419791
"1493",5081.09313906805
"1494",7804.73588827823
"1495",7217.5157547546
"1496",4402.74734942545
"1497",3823.61495169654
"1498",4361.44596611802
"1499",1811.92352660134
"1500",4809.56377517467
"1501",7956.40286393429
"1502",3123.91813871224
"1503",6794.31693145796
"1504",10020.9859686146
"1505",4796.70125564112
"1506",4261.59379014996
"1507",6828.33050754934
"1508",1894.82998646382
"1509",6038.60680286819
"1510",5091.0164402735
"1511",2544.73042134778
"1512",5209.55783763999
"1513",4444.01644048071
"1514",3439.18450490775
"1515",2161.33754876675
"1516",3135.95147442142
"1517",3676.26304437337
"1518",3137.88304435572
"1519",3179.84203960502
"1520",6445.40640733007
"1521",4419.5994420037
"1522",3274.45129757695
"1523",3592.4586145237
"1524",10602.1559603548
"1525",5897.54040126322
"1526",3839.74460377218
"1527",3946.53418548382
"1528",1868.24961474119
"1529",4856.39860057592
"1530",5364.32260201848
"1531",7607.79833509092
"1532",4901.83852300391
"1533",6536.93540564633
"1534",4263.91938907799
"1535",4592.24303105794
"1536",6892.60028277576
"1537",3441.54693018936
"1538",4870.99427947996
"1539",5896.1348914961
"1540",4149.73157772509
"1541",6415.87766637211
"1542",2986.31037088006
"1543",3997.52438186837
"1544",3030.65180808312
"1545",3638.74528579559
"1546",5232.71098150435
"1547",3743.76757254254
"1548",5844.41714122653
"1549",2330.79601808492
"1550",9015.81565853814
"1551",7598.98750644072
"1552",703.695041575877
"1553",5729.50190388627
"1554",6675.47431818087
"1555",7083.49107613455
"1556",6890.3073248326
"1557",8701.34209231666
"1558",5263.8114930747
"1559",4981.87674984615
"1560",7076.1300075152
"1561",5804.49215363566
"1562",2696.18091366021
"1563",10925.4528942013
"1564",2742.35995772242
"1565",5524.09356594877
"1566",4727.44735150336
"1567",5264.96503788768
"1568",7215.86466891685
"1569",5045.51974832796
"1570",3443.18706280261
"1571",3712.32414296136
"1572",3656.62273431342
"1573",4718.03809255234
"1574",4574.80140777968
"1575",3288.53862306918
"1576",8678.78242052853
"1577",2933.50215502246
"1578",2918.6758019689
"1579",3762.74800506252
"1580",5258.05091566592
"1581",6270.0467008868
"1582",4305.45975093608
"1583",3645.1743334101
"1584",7839.51121436007
"1585",3780.79696309846
"1586",5442.85963166819
"1587",5847.44925136887
"1588",4536.57001518912
"1589",3903.32484707446
"1590",6701.0631691693
"1591",3063.85498224531
"1592",4435.96640755393
"1593",6266.69363049587
"1594",8331.31983736303
"1595",3688.11028179998
"1596",9367.04803994024
"1597",3676.89307568385
"1598",7322.74451974157
"1599",9083.44038943911
"1600",6717.8459373971
"1601",4076.57352149539
"1602",4896.08384525409
"1603",5002.84893437551
"1604",3694.13130839047
"1605",4419.76083445904
"1606",2395.66542696988
"1607",4330.92267966823
"1608",2545.74928034825
"1609",5993.7036776059
"1610",3860.24746588257
"1611",4648.84380260587
"1612",7950.70919849729
"1613",6181.74772134679
"1614",5290.2783231478
"1615",5718.94076507073
"1616",4035.86115849263
"1617",5072.77418133977
"1618",4142.91593099968
"1619",3675.53214275645
"1620",2213.00058533618
"1621",3542.95306411607
"1622",6082.0069932348
"1623",2331.59751761897
"1624",4731.50404786738
"1625",2824.18365159922
"1626",4235.60993977904
"1627",4583.20388788794
"1628",5132.98478859814
"1629",5623.1782115628
"1630",4842.99517420173
"1631",4540.54301002383
"1632",2099.40743940207
"1633",7572.61583828344
"1634",8655.84428719437
"1635",5450.22880840319
"1636",4697.545753296
"1637",4426.93459884141
"1638",2764.0148383053
"1639",8810.38778739917
"1640",6227.86429781473
"1641",7017.06684538658
"1642",8121.23095350555
"1643",6716.79431688163
"1644",7350.90390592208
"1645",2805.07823621994
"1646",5109.77191817551
"1647",10795.7042407143
"1648",1788.85111190472
"1649",4107.39579375967
"1650",10029.3377822151
"1651",7136.33949634182
"1652",6066.56724668678
"1653",6683.31953524495
"1654",4429.05062682857
"1655",6584.72795129399
"1656",5687.60058320069
"1657",3893.37910372321
"1658",5149.23308591684
"1659",5874.17219506274
"1660",2461.25723573449
"1661",3560.30627276312
"1662",2693.59169002494
"1663",2554.10195789556
"1664",3068.11815910198
"1665",7385.43977364386
"1666",5024.31078000652
"1667",3067.5737796785
"1668",2599.99727229617
"1669",9449.74613338459
"1670",7048.62129925448
"1671",2299.04933566711
"1672",4139.15851158922
"1673",9336.84936030739
"1674",4966.04324630433
"1675",9960.66955425614
"1676",5103.65043070388
"1677",4055.11764122063
"1678",2291.862805982
"1679",3479.79539197322
"1680",2362.91965602397
"1681",5962.89458309778
"1682",7719.23171272245
"1683",5201.79951536283
"1684",3736.91827349528
"1685",3723.25684099103
"1686",3067.77838170424
"1687",9511.16479446721
"1688",7359.44725796906
"1689",5353.61345701676
"1690",3441.72236304625
"1691",4517.70946925384
"1692",3246.52826610935
"1693",8699.9081862407
"1694",7126.81107812165
"1695",3880.21740433539
"1696",4879.42601282877
"1697",4506.13008291443
"1698",7169.24562125508
"1699",2870.81123579282
"1700",8259.27958519524
"1701",2920.31106125657
"1702",8446.85283764545
"1703",7298.71759884985
"1704",4081.53264838556
"1705",7859.0520565607
"1706",5479.51006983884
"1707",6053.37054601486
"1708",6201.77754871524
"1709",5473.51085460838
"1710",6583.16517776274
"1711",8505.26425712585
"1712",3839.34518626996
"1713",3931.33460857801
"1714",2856.81292083074
"1715",2857.90974717867
"1716",2001.54253165267
"1717",3086.60482235119
"1718",5463.06889780232
"1719",2394.36353923229
"1720",5557.95633796381
"1721",4143.64376940171
"1722",4509.11752601119
"1723",9807.85842180817
"1724",1814.05353690492
"1725",5313.84515179537
"1726",2926.50377199065
"1727",3936.62484737992
"1728",3892.90926412982
"1729",4426.90096306952
"1730",9418.0051226347
"1731",2501.12433180719
"1732",10604.4147482947
"1733",2410.63820000098
"1734",4935.6346794173
"1735",5422.42831959744
"1736",5744.13247832033
"1737",3735.98564768798
"1738",4451.86183964025
"1739",6233.64818067796
"1740",7116.48295448272
"1741",6583.53469297203
"1742",2820.06665179372
"1743",6365.65173813805
"1744",8765.9355096877
"1745",3665.83513303107
"1746",3276.96085188864
"1747",7862.55807462917
"1748",3680.40273366775
"1749",5357.89216375927
"1750",5028.4501201461
"1751",6433.75009167689
"1752",8456.41123745608
"1753",6372.95654112735
"1754",8212.29256503098
"1755",3233.06059305248
"1756",4829.68560047523
"1757",7483.79544430593
"1758",5799.87511406362
"1759",5645.25335208169
"1760",4724.39256029937
"1761",2136.78358459671
"1762",2545.33849458664
"1763",8956.69097174902
"1764",3662.10793521325
"1765",7535.28880198131
"1766",3041.70197475265
"1767",7226.27134624036
"1768",6980.20462144667
"1769",7287.23940534593
"1770",6862.55555207643
"1771",5629.11665445921
"1772",6406.47869033134
"1773",4162.39822845889
"1774",3713.02118190133
"1775",5608.79551326792
"1776",2832.22507842339
"1777",3363.37435475388
"1778",7976.44289430074
"1779",7921.34497382306
"1780",5311.87325613567
"1781",4295.67627177126
"1782",6197.4659445812
"1783",5178.87345882016
"1784",4444.49069766561
"1785",3294.48462798289
"1786",6155.99850344739
"1787",5568.26640022645
"1788",3331.55203140352
"1789",3362.85554731992
"1790",3412.67131920491
"1791",5217.45578103361
"1792",6523.36619942763
"1793",5911.34535632952
"1794",5006.99724873225
"1795",4475.17348951183
"1796",3279.07890427095
"1797",3967.60004959744
"1798",4017.92587772472
"1799",2872.46174674248
"1800",6920.83874458121
"1801",2872.15412395459
"1802",5169.51682145387
"1803",3472.0318830983
"1804",12152.2134317978
"1805",6163.93556733296
"1806",1536.86230007972
"1807",5133.607296534
"1808",2710.33872049575
"1809",5397.84236872767
"1810",4978.72425726388
"1811",3173.96390297497
"1812",7981.74012767588
"1813",3479.76217281952
"1814",3492.77785047895
"1815",5380.06161770807
"1816",2981.10167970497
"1817",4177.01898374408
"1818",2958.04349159647
"1819",5065.30207802105
"1820",4844.92831322207
"1821",8973.78733009053
"1822",4246.70262382308
"1823",5029.04827620194
"1824",4660.18558226345
"1825",10962.0795845314
"1826",6397.73000582971
"1827",2187.33650627511
"1828",2471.14620063908
"1829",8583.46969679208
"1830",6217.83327706641
"1831",3866.38089951989
"1832",5710.80923560297
"1833",12826.6483419015
"1834",3656.59251387301
"1835",4720.79542343924
"1836",4614.63469706627
"1837",7652.76696310495
"1838",9306.5511509949
"1839",1006.42527646141
"1840",3126.4451065766
"1841",5752.06757605745
"1842",2858.41449517326
"1843",6255.41684378235
"1844",7379.32663414424
"1845",4188.26556083281
"1846",4270.84795386018
"1847",11184.7976341256
"1848",2149.8422022537
"1849",2335.5006391179
"1850",4259.39941170969
"1851",2857.61979215709
"1852",4863.47628303268
"1853",5465.16482830083
"1854",5594.89926743152
"1855",1110.78025665419
"1856",3614.54942687601
"1857",3872.46337096335
"1858",4233.33763467654
"1859",6218.48998080788
"1860",4013.57173284172
"1861",1514.76625958655
"1862",7505.63323530724
"1863",8875.67702903366
"1864",4516.00652282796
"1865",3592.5078398881
"1866",12966.8249108861
"1867",5937.42703864933
"1868",5898.12518347579
"1869",7308.30707045872
"1870",4814.69044448191
"1871",2940.60040155973
"1872",3937.76574494335
"1873",3977.04948600242
"1874",3014.59757480025
"1875",2937.71535393212
"1876",3404.22032866708
"1877",7261.05994416703
"1878",1698.1567220033
"1879",5952.67962989438
"1880",7708.12114541524
"1881",7174.6659073371
"1882",5051.29232206102
"1883",2231.15639360918
"1884",5027.45584326272
"1885",4539.79915124353
"1886",6549.24769332062
"1887",4603.99529125699
"1888",4632.33917574747
"1889",5409.63251349487
"1890",3354.98896507226
"1891",5620.756694866
"1892",3900.28131232719
"1893",3795.43177016266
"1894",5990.62654509326
"1895",2178.52887398226
"1896",5755.63302022603
"1897",5386.57842907723
"1898",2289.23197064007
"1899",7864.25229299348
"1900",3820.69949242519
"1901",7065.86441753776
"1902",3870.58033896569
"1903",8904.15334604419
"1904",5471.6788886041
"1905",3463.44889617828
"1906",6314.89644904976
"1907",5716.73891333234
"1908",3960.82436584984
"1909",8719.31772491959
"1910",6634.91679737752
"1911",4391.89644835819
"1912",5176.56003375654
"1913",2519.05164037034
"1914",3647.77455222339
"1915",3633.59822343109
"1916",4722.21950237121
"1917",11054.3490141865
"1918",5474.73979068623
"1919",5845.23795293388
"1920",7864.93013066519
"1921",7988.01596947416
"1922",4827.53851888975
"1923",6545.75294279342
"1924",3930.85671163851
"1925",7694.35438361572
"1926",5686.76812292443
"1927",2906.62085443689
"1928",5472.53761984932
"1929",7728.43115255889
"1930",3463.88215922291
"1931",3885.05775064504
"1932",3179.60775893118
"1933",5636.72150077834
"1934",5983.51917263656
"1935",6084.44095216377
"1936",7418.94859638769
"1937",5377.91407958174
"1938",4365.58574337611
"1939",6653.26798619179
"1940",3783.18572838465
"1941",4787.6376415845
"1942",3172.97388085321
"1943",3553.29256726359
"1944",8944.9434658864
"1945",3013.8376410153
"1946",2896.64788399974
"1947",5154.62929876347
"1948",2621.0749105193
"1949",5153.07942704693
"1950",4404.0689561693
"1951",2962.8455867843
"1952",5096.03154613118
"1953",3897.44229719171
"1954",7561.15864122106
"1955",6963.38364670763
"1956",6125.62426042987
"1957",4747.26014394179
"1958",4537.75442416256
"1959",3017.7123216755
"1960",4799.42002951162
"1961",3725.77269287861
"1962",5317.6916731231
"1963",5975.3604982348
"1964",10953.6886076882
"1965",3759.47156564548
"1966",3334.36859916768
"1967",5026.02760710946
"1968",1420.59007611749
"1969",5068.23136010562
"1970",11169.1678794377
"1971",2592.49158674077
"1972",10881.454054232
"1973",6619.67743708473
"1974",4169.53957921814
"1975",6118.89483486023
"1976",4579.13598162209
"1977",2257.29076548154
"1978",5710.58889413555
"1979",4965.93553080165
"1980",7696.79521597299
"1981",6159.81726576918
"1982",4419.31984883355
"1983",3334.86938868457
"1984",4510.81882086303
"1985",5558.81941646448
"1986",6019.13427546807
"1987",3374.11434753996
"1988",2243.14969442581
"1989",7564.82246934093
"1990",5244.41802691919
"1991",6102.33346963325
"1992",2946.81073603866
"1993",7577.09970842331
"1994",8107.49917399272
"1995",7754.79343369242
"1996",5341.68520841043
"1997",4174.38908791123
"1998",6778.76242345921
"1999",3733.57669913524
"2000",4192.46199859487
"2001",5223.64186677616
"2002",3801.10735330649
"2003",4352.58097787568
"2004",7233.91132091987
"2005",6008.3149881463
"2006",2736.33426914742
"2007",1778.27310179995
"2008",3272.01621678961
"2009",9204.42207557691
"2010",5927.13096726331
"2011",7735.8929985062
"2012",4582.96047462581
"2013",5521.99299206742
"2014",3980.83566465985
"2015",7242.56310422393
"2016",5109.79230449809
"2017",4580.52273910941
"2018",6263.56969102903
"2019",3275.66325057298
"2020",4299.49409162859
"2021",4118.28182881977
"2022",3021.11825657851
"2023",5915.37762650521
"2024",3369.00335527264
"2025",5546.94382599782
"2026",10073.7186311801
"2027",3032.44494408311
"2028",3903.34976680105
"2029",4697.02197405597
"2030",4705.0644539349
"2031",1763.77650627407
"2032",7475.23778168811
"2033",5883.47005666955
"2034",9084.52578685572
"2035",1960.54283551755
"2036",1796.64819711447
"2037",7182.60293939436
"2038",7881.39560631046
"2039",3735.87945154961
"2040",7438.51372838975
"2041",6077.7228622855
"2042",2927.49405040202
"2043",5227.3779439822
"2044",4316.36545137106
"2045",3117.52639731893
"2046",4717.06451008649
"2047",3712.46256787347
"2048",2106.95095225528
"2049",7330.17064213264
"2050",6243.99563646282
"2051",10248.9274546371
"2052",2573.49396588607
"2053",2596.7669937
"2054",6277.48586593935
"2055",6532.85813860764
"2056",4101.78257082752
"2057",9232.36883491511
"2058",2555.7318047313
"2059",4884.02209869475
"2060",4011.34824075882
"2061",2022.68433005444
"2062",8942.9165844738
"2063",7696.6519617209
"2064",6998.77747163136
"2065",9724.23121419083
"2066",10354.3260643038
"2067",6488.42259354389
"2068",10013.7567388455
"2069",7929.48903201736
"2070",4600.19417686941
"2071",6420.89524019626
"2072",6880.23734314815
"2073",4481.45745471882
"2074",3917.68768238986
"2075",8311.51159017032
"2076",5930.81921632198
"2077",4018.01761208643
"2078",7170.77812572499
"2079",7043.74780514324
"2080",9982.5954231004
"2081",6312.87749659608
"2082",3629.23300860886
"2083",6139.91270895256
"2084",2988.58429294144
"2085",9776.67029696767
"2086",4511.10401273845
"2087",3416.38626274775
"2088",4651.00964148226
"2089",5084.32937576284
"2090",7976.4884397217
"2091",6129.79010992096
"2092",3918.79792523722
"2093",5884.31923444913
"2094",4630.83221638534
"2095",2662.35258353635
"2096",5348.37574528647
"2097",3447.31716527528
"2098",6086.4154125264
"2099",4570.20968054951
"2100",7074.61625372549
"2101",5151.04784204601
"2102",1081.87596356077
"2103",2103.46224953525
"2104",3138.10196781618
"2105",1996.67220235948
"2106",7173.45593478694
"2107",13257.0800951557
"2108",9854.41870557045
"2109",5545.55031674716
"2110",3307.28022890718
"2111",4800.54081122804
"2112",4134.66169181641
"2113",4469.90738702717
"2114",4740.28434548981
"2115",4966.3187779134
"2116",6490.72982965258
"2117",5263.07416906964
"2118",4407.33006245876
"2119",4819.90563847928
"2120",5858.36069480167
"2121",4798.18320765195
"2122",5594.1304981829
"2123",4143.63032076514
"2124",6194.56720083999
"2125",4630.01471736084
"2126",2486.01819243928
"2127",6111.19428430079
"2128",3300.39763607958
"2129",5249.10383268335
"2130",5239.16544691712
"2131",8570.93163201201
"2132",3745.92709927098
"2133",2315.75557854871
"2134",6650.27190813329
"2135",5603.49904657033
"2136",1564.35498896596
"2137",5289.79377646249
"2138",4548.51899010799
"2139",7145.33255984233
"2140",9600.94006283989
"2141",4365.00494226615
"2142",3105.19984847144
"2143",2032.6408377568
"2144",5518.0289574202
"2145",5562.46455856529
"2146",3350.9821985446
"2147",3780.64493220759
"2148",4543.20516793459
"2149",4410.29915909271
"2150",6967.10348112474
"2151",8351.26513850898
"2152",7453.4241091435
"2153",3803.12656781031
"2154",6209.91677191301
"2155",6893.56698372727
"2156",7855.46129053953
"2157",1820.51848752284
"2158",2801.93450419704
"2159",3419.95130662422
"2160",3682.05010940606
"2161",6602.69228091452
"2162",5858.58961480967
"2163",3451.76430444384
"2164",7012.08291566139
"2165",3806.60372802307
"2166",4542.75887272035
"2167",4094.48418515304
"2168",3550.01757362508
"2169",3852.54632643395
"2170",1969.15652231628
"2171",3641.79768721346
"2172",10776.2407539698
"2173",3947.51060219738
"2174",6689.63996919623
"2175",3323.69845408638
"2176",7096.81858019071
"2177",1556.92754298361
"2178",5467.6828287837
"2179",3358.93117995065
"2180",3458.52833622205
"2181",2657.92149882478
"2182",10442.5897229872
"2183",9237.16609850107
"2184",8973.67273566627
"2185",4338.54777660605
"2186",3367.1543442707
"2187",11421.7960421285
"2188",5744.99836868839
"2189",14258.0942167727
"2190",1302.68380722997
"2191",3422.21061108861
"2192",5012.38856423809
"2193",3328.27558915754
"2194",5898.80360758217
"2195",3382.39822444663
"2196",5927.69761578483
"2197",2211.66056511848
"2198",4283.40846169199
"2199",5738.39918403613
"2200",3294.90377082588
"2201",7230.4472322223
"2202",6676.64764501812
"2203",7309.64681374794
"2204",6437.45112658222
"2205",5222.12212535745
"2206",4414.66015383735
"2207",3984.6969991526
"2208",5160.99493500654
"2209",2956.2495866454
"2210",2321.26128913311
"2211",3493.15174826584
"2212",8498.04460509901
"2213",4156.42161901452
"2214",4334.51638600935
"2215",1770.62256443081
"2216",12006.9738588653
"2217",2602.16353571275
"2218",4657.39189965208
"2219",5544.14434765477
"2220",5326.31436065113
"2221",3486.81146879017
"2222",8176.07586390799
"2223",3436.55718980689
"2224",6203.37223127362
"2225",7716.25067041907
"2226",4625.08058488218
"2227",7384.79823966138
"2228",8880.15549406369
"2229",4316.28500320163
"2230",4628.32257292501
"2231",3062.02470482071
"2232",6967.78805636015
"2233",4757.77482216287
"2234",670.169430838258
"2235",5682.63544794696
"2236",5410.90704111283
"2237",5266.40100752219
"2238",6144.39361987531
"2239",2899.04742557113
"2240",6120.64481695002
"2241",5365.40576976031
"2242",987.213423619105
"2243",1958.29217224929
"2244",6919.83050343784
"2245",3662.70999506291
"2246",5946.52784492576
"2247",5874.6991303392
"2248",4654.3221419896
"2249",5221.65770367481
"2250",5467.05862153054
"2251",4129.78347296541
"2252",5413.20837665361
"2253",8585.7972750818
"2254",3708.23829197121
"2255",5223.85706133622
"2256",3625.16308230103
"2257",5083.55062685139
"2258",5238.17880832037
"2259",4291.06466479361
"2260",2756.52067428286
"2261",5826.28486251482
"2262",5597.48880960059
"2263",3922.36939889716
"2264",9044.95195722574
"2265",4499.34112899267
"2266",3250.1335411219
"2267",7473.17026381462
"2268",7375.6715815207
"2269",2589.31877532578
"2270",9215.87955515546
"2271",4897.85096456268
"2272",8783.55479256442
"2273",6341.14645303006
"2274",9355.60782946215
"2275",7402.92145825934
"2276",5893.15557396121
"2277",7083.44618117937
"2278",6110.28431040345
"2279",3879.08393100736
"2280",8119.91481236159
"2281",7093.0336948614
"2282",3827.94781174854
"2283",3925.62365837145
"2284",7902.91472135606
"2285",3476.07632226753
"2286",4025.71238598332
"2287",6109.91741436382
"2288",4726.31996454019
"2289",1636.60867661732
"2290",11288.4550357033
"2291",3144.86870899471
"2292",4111.47656162496
"2293",7706.59834902029
"2294",4547.43491101387
"2295",1160.10718988051
"2296",6694.16662138345
"2297",8371.46734141343
"2298",8937.51031057973
"2299",1442.40681067575
"2300",3676.83956924814
"2301",5299.2536388663
"2302",2333.44346577046
"2303",2502.437221876
"2304",4953.84740514267
"2305",2540.15622867038
"2306",7108.51231256477
"2307",4765.61608047073
"2308",6294.5966471851
"2309",7708.67686108715
"2310",6143.42012719344
"2311",10329.1717214212
"2312",5344.12678145216
"2313",3828.8084175309
"2314",6146.11499434261
"2315",4287.37541599118
"2316",3642.93552869197
"2317",7791.87546259951
"2318",3955.90370119864
"2319",4699.97890864598
"2320",5228.79300014442
"2321",4128.06169264286
"2322",2294.57767953537
"2323",7710.54316099186
"2324",4561.53611914424
"2325",5956.1321522771
"2326",2678.05598116008
"2327",2216.93108409707
"2328",4834.1023029114
"2329",4985.58635915519
"2330",2806.10713706771
"2331",7670.3923413973
"2332",7121.06918450736
"2333",6889.77924900048
"2334",3621.26467727066
"2335",4264.15946784988
"2336",5853.40606906835
"2337",2411.49780688749
"2338",6805.66585289664
"2339",3935.86719045957
"2340",5064.82732355781
"2341",6276.9016300271
"2342",5096.33838881168
"2343",7797.10970902425
"2344",5291.55792042078
"2345",2827.1846334578
"2346",9917.66626270651
"2347",3136.12499335932
"2348",2614.53716660594
"2349",3599.02202356956
"2350",4488.07746688387
"2351",9597.27875775221
"2352",5144.73023909697
"2353",4272.42107502924
"2354",3095.89641802385
"2355",4412.01305048371
"2356",4450.68712737999
"2357",5497.8298291738
"2358",7485.33881732589
"2359",8127.962847516
"2360",6299.27694725944
"2361",7053.30365056719
"2362",4801.92422779615
"2363",6778.01383487688
"2364",6646.00228428107
"2365",6375.36972569651
"2366",2222.92025814997
"2367",8992.63552961388
"2368",3698.18082177511
"2369",2071.58860709652
"2370",4100.07261730195
"2371",7447.47374623723
"2372",4419.27144469967
"2373",4464.78851382941
"2374",4290.71489165095
"2375",7643.75851237855
"2376",4673.34969050146
"2377",8864.98242020851
"2378",3849.25569611404
"2379",7096.15746324213
"2380",3422.67985662288
"2381",5386.0119142303
"2382",7128.4410447171
"2383",5436.08688940963
"2384",3914.64483341598
"2385",7634.39773779962
"2386",3502.11425450031
"2387",3586.26868568
"2388",8450.65028992743
"2389",2520.73895757296
"2390",9822.29964608187
"2391",3192.2915321883
"2392",9995.4505569305
"2393",7215.64797710004
"2394",5057.11241184076
"2395",3959.87182450056
"2396",5632.25594336342
"2397",2639.87294715096
"2398",5626.20497352188
"2399",4074.41719709965
"2400",3852.56916118052
"2401",7086.28389218502
"2402",5628.46273723978
"2403",1985.5432926176
"2404",5339.02490693831
"2405",3604.8963454272
"2406",7780.32547167118
"2407",5349.94744727068
"2408",2241.11299601156
"2409",5256.81151568313
"2410",4333.23592381697
"2411",6669.8127017144
"2412",2056.2068434949
"2413",11683.8758252471
"2414",3354.70584239264
"2415",4435.73151798366
"2416",4490.76732514321
"2417",3357.48688297626
"2418",2701.24192181189
"2419",8722.70031706471
"2420",1736.81269344524
"2421",3732.59395544988
"2422",2734.89580285054
"2423",4267.45253374946
"2424",4773.61142762657
"2425",8146.70876384311
"2426",5026.44100522262
"2427",6471.8671656418
"2428",8767.67601951427
"2429",8116.14913672989
"2430",9890.86431641679
"2431",4016.52853917354
"2432",3388.00002906763
"2433",5969.48129182542
"2434",2745.65553831984
"2435",5169.1459341438
"2436",6650.20875651093
"2437",2618.06699093181
"2438",3234.19907006971
"2439",5980.65281582909
"2440",7151.0295869059
"2441",4887.50229064998
"2442",11684.3154104179
"2443",7686.38251251355
"2444",5059.30256763758
"2445",6673.09122036741
"2446",3589.71524062933
"2447",6573.16851875657
"2448",3650.44698435307
"2449",8265.66253702028
"2450",3752.33804160898
"2451",2798.95972812542
"2452",7412.72401885589
"2453",2750.03417163517
"2454",4366.02139522333
"2455",4971.55148376169
"2456",2812.22595554579
"2457",2705.38517024444
"2458",2634.81046594132
"2459",6470.71325732302
"2460",6930.36896810145
"2461",3548.01486959046
"2462",6997.06274776708
"2463",7511.14911380602
"2464",8474.56423745252
"2465",2987.15542540327
"2466",3164.21035511332
"2467",3780.75073065248
"2468",3403.21509969258
"2469",9575.69878368173
"2470",5937.64313307242
"2471",1958.64556071028
"2472",4550.80578972178
"2473",2088.80945964466
"2474",5299.11095309525
"2475",6657.93878687546
"2476",4406.76260850282
"2477",4080.95581767306
"2478",5936.48029503546
"2479",7746.83405379968
"2480",6736.13469146256
"2481",6517.64020738925
"2482",3704.62819472561
"2483",2894.61664659256
"2484",3834.34358845412
"2485",4454.94060859131
"2486",2218.38023897749
"2487",8533.70801059069
"2488",9456.6960539124
"2489",3132.63721052557
"2490",5394.11362999538
"2491",6348.76857437607
"2492",3558.82826703339
"2493",4863.5304800407
"2494",5024.93661308382
"2495",3606.07453709212
"2496",2614.93617986457
"2497",4834.32761299564
"2498",7625.41082993674
"2499",3182.91420895758
"2500",4134.46570539067
"2501",4071.9253877271
"2502",3822.23624160152
"2503",9337.44528831128
"2504",2948.58455104963
"2505",3450.14080201474
"2506",1744.23554146633
"2507",6394.08737200469
"2508",5211.9729831611
"2509",5175.01551893499
"2510",6734.74877216632
"2511",4456.91371668357
"2512",5422.44543694449
"2513",4279.19104707759
"2514",7784.44131685729
"2515",5445.04457492335
"2516",3653.5857645236
"2517",8168.79225454002
"2518",5696.46322045103
"2519",3490.2109970359
"2520",3345.47930917848
"2521",4638.14385817311
"2522",4536.98047602072
"2523",4435.02740629081
"2524",4985.42148437549
"2525",2959.88990828895
"2526",5444.72740701039
"2527",5506.97910765308
"2528",4830.89357631397
"2529",7404.64028391859
"2530",3485.61648443679
"2531",4370.04882868298
"2532",7040.5352345946
"2533",2513.00353970414
"2534",4622.25852775166
"2535",3210.21087144216
"2536",7699.66312110756
"2537",7689.80506933294
"2538",5074.7775198904
"2539",7611.48383686459
"2540",3701.58699133497
"2541",7113.01572595572
"2542",6237.77677797119
"2543",5731.67787147476
"2544",2851.08968949993
"2545",6188.34765941254
"2546",5106.38146948634
"2547",7108.53891669086
"2548",5302.02514533763
"2549",2501.41535210499
"2550",7745.30161977612
"2551",3729.57930356276
"2552",5535.58318358834
"2553",6212.14541904425
"2554",9728.11264136859
"2555",3564.43576108472
"2556",7415.5067787483
"2557",2370.65988872689
"2558",4998.46585947886
"2559",5254.85623225314
"2560",3982.88448407868
"2561",4194.37972968473
"2562",2989.42401359865
"2563",8280.93976288883
"2564",6383.07406775979
"2565",2226.67603417108
"2566",4673.86066312331
"2567",3105.52540570893
"2568",4365.82109780284
"2569",7391.58270502253
"2570",4242.32677161455
"2571",2684.3131293995
"2572",7652.80459696689
"2573",3194.48343724164
"2574",4026.29174829711
"2575",3706.85484002851
"2576",8034.391329145
"2577",12908.2941740371
"2578",8484.0269301068
"2579",3298.2184264423
"2580",1772.9916508696
"2581",5625.05215429195
"2582",4751.63747977494
"2583",4084.15523374861
"2584",11176.2333463858
"2585",7125.03499703028
"2586",13080.4178433239
"2587",3926.12845012441
"2588",4197.36884256004
"2589",9378.01081707794
"2590",4545.82810604997
"2591",3161.38247637247
"2592",5099.65880117205
"2593",1233.21065541374
"2594",3534.9137638
"2595",7398.38238354737
"2596",7371.33879694674
"2597",3379.34232520818
"2598",5194.82256926777
"2599",5910.4563444829
"2600",4200.95127444802
"2601",4896.93121188716
"2602",3677.523793259
"2603",4442.53829405585
"2604",8612.85871894343
"2605",6078.06886820908
"2606",4148.50735018973
"2607",6291.01552784693
"2608",2363.42650499986
"2609",3786.18785186735
"2610",2651.66982052155
"2611",6888.10787211428
"2612",4222.52294825041
"2613",11643.9007485913
"2614",2220.5527077174
"2615",3068.72401206562
"2616",3082.11767009809
"2617",3049.87206740951
"2618",3589.33057564846
"2619",6116.12416751089
"2620",10770.0076137126
"2621",7002.787859053
"2622",7876.88392403559
"2623",7282.00564884965
"2624",6231.6469002582
"2625",6119.35930240917
"2626",5914.17864598369
"2627",4151.81890869985
"2628",8713.62177623354
"2629",6426.1002352059
"2630",5970.79324102914
"2631",1807.29913763906
"2632",3056.57913595653
"2633",4492.22221572127
"2634",4558.1667312202
"2635",5505.07248324732
"2636",5565.76804665028
"2637",8684.414543744
"2638",2948.62665566051
"2639",5054.39340607653
"2640",6081.66133859096
"2641",4423.08541742043
"2642",4077.96672598022
"2643",6669.14902786684
"2644",6144.86089054256
"2645",8023.97398061684
"2646",4580.61893955135
"2647",4898.83277168276
"2648",1404.7339856092
"2649",2397.76617078861
"2650",5971.17854481761
"2651",8301.19910136162
"2652",5430.88173598901
"2653",4958.34249367705
"2654",3359.0927793546
"2655",13339.0021973639
"2656",1745.75967336504
"2657",4051.90552964393
"2658",1793.54128131317
"2659",6623.67381999362
"2660",3399.02190105082
"2661",6743.09811532416
"2662",5885.46866521676
"2663",4593.47873668052
"2664",5190.21977056126
"2665",7551.83297535242
"2666",3683.28980326524
"2667",3188.75171165291
"2668",13028.160651647
"2669",8606.45542837708
"2670",2713.46607742179
"2671",4334.52901287167
"2672",5179.17604363605
"2673",4901.07864077738
"2674",7492.09312158753
"2675",12212.8640375191
"2676",4702.67189289292
"2677",3602.02222015656
"2678",4090.25032156717
"2679",4319.83016136818
"2680",9078.07466322742
"2681",2086.3095780501
"2682",5366.13431199559
"2683",6673.66803445917
"2684",7906.67033496848
"2685",3519.37006473588
"2686",1893.73020867462
"2687",7569.61461515952
"2688",3287.69732513645
"2689",4435.61354880716
"2690",4544.42631570704
"2691",6237.56885426491
"2692",8065.18468603893
"2693",4946.89226159203
"2694",2428.53138754983
"2695",3743.96025841834
"2696",7750.50924673775
"2697",7070.56915007689
"2698",7743.85224595328
"2699",9367.87064758432
"2700",2400.79724355246
"2701",2570.15045663744
"2702",5966.29686061462
"2703",7597.52341397194
"2704",5922.6134287279
"2705",8984.76965288125
"2706",3464.04141805315
"2707",5190.40067895158
"2708",3295.73086221336
"2709",5807.63901781867
"2710",5349.13867138361
"2711",3431.09522611683
"2712",7210.00995803194
"2713",3717.36296557466
"2714",4957.36105035257
"2715",4513.43652093492
"2716",6153.69015160803
"2717",3695.16454714013
"2718",6175.81561926607
"2719",8184.81427101552
"2720",2086.11588804115
"2721",4482.14654045965
"2722",3158.37808876333
"2723",4243.16271406994
"2724",2619.09123690438
"2725",5738.90578736388
"2726",2422.69999744737
"2727",3602.50958597165
"2728",4067.58666888083
"2729",6436.83634609723
"2730",2706.60599471093
"2731",2926.70845452423
"2732",2567.28421469202
"2733",2097.5357355827
"2734",4746.58013164724
"2735",5075.43189410603
"2736",5309.46264137438
"2737",4853.01163539314
"2738",2985.61388748029
"2739",6302.94549050159
"2740",12418.6216554369
"2741",4808.55061080505
"2742",3560.55048206402
"2743",2629.80307611369
"2744",3489.43092934624
"2745",6328.97201941145
"2746",5880.3956667569
"2747",6284.46222355869
"2748",6323.40007793525
"2749",4202.03145019192
"2750",7227.26027174864
"2751",8359.32419716852
"2752",4605.44602900138
"2753",7890.95002989803
"2754",2438.43640343775
"2755",5705.21333188127
"2756",8502.90326467325
"2757",7625.0332133405
"2758",2715.36152470269
"2759",2868.75708754599
"2760",5007.37848842243
"2761",5107.98716841533
"2762",3147.03555236547
"2763",3581.01741929213
"2764",4970.60133986623
"2765",6696.41759764525
"2766",3438.62602706079
"2767",4298.30987360212
"2768",7337.29556375107
"2769",6587.17398299917
"2770",3465.05746389029
"2771",4580.73721555661
"2772",2082.31806754071
"2773",5576.05600012798
"2774",4093.94005476765
"2775",4881.3566171744
"2776",2670.64193483593
"2777",5079.53924627817
"2778",3468.51071899623
"2779",3741.17629322794
"2780",6521.57515058166
"2781",6502.11740717664
"2782",5833.63241404633
"2783",2435.41870566126
"2784",9088.83808202727
"2785",8976.84730365349
"2786",1554.23904604063
"2787",3052.46042572765
"2788",3596.62469579926
"2789",3812.84574277443
"2790",7716.87286940584
"2791",2905.75972586457
"2792",7241.53124293318
"2793",5906.54993864609
"2794",5925.9116469092
"2795",3134.71691379353
"2796",3148.86107690557
"2797",5940.32911028125
"2798",2643.59074395668
"2799",6317.43895377382
"2800",6788.01254418847
"2801",4560.63358082389
"2802",4563.51639453473
"2803",4073.21019619633
"2804",3790.30218405422
"2805",4992.10504342546
"2806",5425.56238656642
"2807",1674.06189125992
"2808",4540.74607446371
"2809",2959.04403568193
"2810",2926.02441458969
"2811",2676.35603373696
"2812",1989.2438778893
"2813",5908.67681284971
"2814",4140.67710619618
"2815",2002.43425921391
"2816",6220.97125131299
"2817",7208.71036395803
"2818",3685.77822267014
"2819",6416.47373971588
"2820",5001.11742215708
"2821",9131.76795456529
"2822",6970.35715910804
"2823",5284.83200916031
"2824",5746.63543959911
"2825",8062.96502279997
"2826",8980.51546627382
"2827",8337.14745481923
"2828",7577.33281130804
"2829",2365.68985064008
"2830",5855.14223905018
"2831",5234.89788482903
"2832",8191.1109968783
"2833",7265.65788248921
"2834",4572.72576547123
"2835",4646.34797891713
"2836",4308.76338053116
"2837",3592.41145594692
"2838",9275.8326986715
"2839",3048.87189709715
"2840",13726.2992597702
"2841",8360.64657791628
"2842",3046.76199487626
"2843",6093.78231302713
"2844",7034.45133844105
"2845",10573.705343338
"2846",5678.36116141634
"2847",6430.48726042354
"2848",3748.88327707403
"2849",6680.35292528826
"2850",6144.84666891198
"2851",3866.97038902354
"2852",2804.26935422653
"2853",1569.32552802557
"2854",4694.29051311011
"2855",12726.8874173829
"2856",8267.18643997738
"2857",6592.14913674479
"2858",4111.63180270937
"2859",5269.25000294688
"2860",5921.89243681432
"2861",4174.9902818558
"2862",6631.06460356235
"2863",6084.7335387381
"2864",2653.65597130579
"2865",4675.71023814724
"2866",1764.31599490403
"2867",4534.87961492501
"2868",3145.0998897198
"2869",5576.44187903986
"2870",4383.15558149695
"2871",2686.79539093742
"2872",3070.10788364901
"2873",7527.41448725166
"2874",2668.86529544892
"2875",9003.83646383591
"2876",8467.92587491596
"2877",4944.75523702963
"2878",3072.86673372646
"2879",5314.75588591507
"2880",4383.17836556042
"2881",2950.02386828704
"2882",7363.97524247499
"2883",5734.62849394296
"2884",2669.42609320913
"2885",5926.57164276898
"2886",5478.7273031855
"2887",9075.02583431854
"2888",5596.04782292794
"2889",5829.92056271731
"2890",5477.45292133774
"2891",3026.40239316958
"2892",3553.55799094087
"2893",1173.87359355536
"2894",1656.32926799502
"2895",7551.6747206421
"2896",7563.66237351939
"2897",2189.42645651073
"2898",4852.09792125592
"2899",3752.15841257386
"2900",6329.53409910342
"2901",5797.87778633204
"2902",4617.95758287609
"2903",1641.34607916349
"2904",10827.9602859522
"2905",6754.49531093799
"2906",4484.96209983632
"2907",3993.35885125573
"2908",3920.1715087319
"2909",11669.7426985633
"2910",6700.34266472136
"2911",5092.18005770876
"2912",5898.16433009278
"2913",3055.12494602159
"2914",7499.18425749033
"2915",3974.33796023793
"2916",6631.1910488159
"2917",5238.27182609134
"2918",5551.17885689001
"2919",4538.80016381189
"2920",8301.47574573348
"2921",9896.24161562062
"2922",6815.39590816392
"2923",5621.8279314934
"2924",3117.80268657702
"2925",4551.11482476548
"2926",7826.18307811383
"2927",9789.39024287398
"2928",4506.51774149033
"2929",7874.22106518259
"2930",10003.1584679909
"2931",7063.21890642156
"2932",3649.17479031242
"2933",7398.28575904423
"2934",7766.86855020543
"2935",4940.36113510077
"2936",4009.55863440112
"2937",3805.35536018602
"2938",4859.92227329995
"2939",5504.24141792516
"2940",4557.94412447442
"2941",2898.30219434586
"2942",5900.00557491294
"2943",7821.39616224531
"2944",5305.1879025707
"2945",6295.95748147619
"2946",3237.4846664893
"2947",2225.85240736563
"2948",2992.16692910623
"2949",9018.04395074164
"2950",3980.28672414547
"2951",2497.59645926859
"2952",3528.94058177184
"2953",4547.38748223463
"2954",4499.66138666682
"2955",10986.4443079593
"2956",5247.99397280224
"2957",4399.85376166907
"2958",943.694433005701
"2959",5603.27492304472
"2960",4923.44821588963
"2961",5568.7710487633
"2962",5842.56258269015
"2963",2500.16260545043
"2964",3611.57244289567
"2965",3085.97801476903
"2966",10127.3686406244
"2967",3279.82549635333
"2968",5387.80709952989
"2969",6242.46543647052
"2970",2221.33982816199
"2971",3332.67490851419
"2972",6358.11492027331
"2973",3661.41476659523
"2974",4233.94379091554
"2975",4007.79316180415
"2976",5278.04469798424
"2977",5691.52164957637
"2978",5654.70476789947
"2979",2786.53006692411
"2980",4498.45346835302
"2981",6755.72810907633
"2982",2439.49355597148
"2983",6469.47707695811
"2984",2961.21518070006
"2985",1725.61824240518
"2986",8112.47070663894
"2987",7480.03835767531
"2988",4003.81091241329
"2989",4738.05256256956
"2990",6111.5294341449
"2991",6201.69886494597
"2992",5033.04112597118
"2993",5821.55919750541
"2994",3104.12949698727
"2995",7690.38062224194
"2996",1310.6282882549
"2997",4052.90195675357
"2998",2474.13512654928
"2999",3727.80264931702
"3000",7114.08201790071
"3001",3792.39964349009
"3002",3872.99064894754
"3003",2682.78423444898
"3004",4789.82012542512
"3005",3909.14119309396
"3006",4059.07771751448
"3007",4744.17834658234
"3008",3634.1660513879
"3009",6797.22461563785
"3010",5413.14005037677
"3011",6311.73948123003
"3012",8439.3068050915
"3013",7059.11971818993
"3014",4955.22459821624
"3015",10913.9577474259
"3016",6512.54013013677
"3017",4179.02712414175
"3018",8023.65746999136
"3019",3689.92948159121
"3020",8917.42752882873
"3021",9846.7062094151
"3022",3875.68647585768
"3023",3387.58795264218
"3024",5762.80682147166
"3025",9355.76017165731
"3026",2912.81101362407
"3027",6731.3487946688
"3028",4018.04003678611
"3029",5817.43367152481
"3030",4419.10929071828
"3031",5741.51271246764
"3032",4015.47254725068
"3033",7542.38888454682
"3034",3686.22869747435
"3035",9965.51052686415
"3036",5689.95630650216
"3037",6351.92991459178
"3038",8970.40460878419
"3039",5518.76541463472
"3040",3223.49462240806
"3041",5459.68774448271
"3042",10340.3974516249
"3043",7845.00860102609
"3044",4762.43612382241
"3045",5842.20614583464
"3046",5508.23186137312
"3047",7567.19171289861
"3048",7272.38937759929
"3049",5374.54171051242
"3050",2773.68541908078
"3051",6249.64899510588
"3052",6555.20896570582
"3053",2984.59586063254
"3054",8554.97778590472
"3055",7866.54142630298
"3056",4394.97602064681
"3057",4303.75956661004
"3058",4246.53632544738
"3059",6087.12367569353
"3060",4825.62012648187
"3061",9252.29172456224
"3062",1944.44275733642
"3063",8744.95664569392
"3064",2892.55036371585
"3065",11365.5513005172
"3066",6048.69455778919
"3067",2160.31817343336
"3068",4417.11699756741
"3069",3257.01867718954
"3070",4013.30562632059
"3071",3052.68727256858
"3072",5352.60290449421
"3073",6985.97077114007
"3074",4185.10199020355
"3075",5836.62938465981
"3076",5011.30490441073
"3077",4255.1583469183
"3078",5080.37842416059
"3079",2674.87483501784
"3080",3925.06932184228
"3081",8774.71434882644
"3082",5175.29998356849
"3083",4906.92919917859
"3084",2655.88904357288
"3085",5605.93162611563
"3086",7292.88677261461
"3087",2376.08378403139
"3088",2203.47428000008
"3089",3062.28212479147
"3090",2649.27265076694
"3091",2997.14028986287
"3092",3340.23776524002
"3093",3545.02977736242
"3094",7002.99773994274
"3095",7077.21882151085
"3096",8334.05784185155
"3097",2775.46988904889
"3098",5873.83111986972
"3099",7991.03764764505
"3100",1810.93451065698
"3101",7567.42359222827
"3102",11233.9023681774
"3103",3601.75911447825
"3104",3256.1159280003
"3105",3323.57905213721
"3106",9170.40858824248
"3107",6132.87522557343
"3108",3830.31037032144
"3109",6500.42292341648
"3110",4868.5905916937
"3111",4081.74786033446
"3112",4181.31824000576
"3113",6294.18330871937
"3114",4404.31722014997
"3115",4584.65643569489
"3116",2817.07659026911
"3117",3829.45983779914
"3118",6977.49955128197
"3119",5302.55383322487
"3120",4679.04952499887
"3121",2472.81450107862
"3122",7147.49198517395
"3123",3237.65861620003
"3124",7445.76696270308
"3125",7883.29263697565
"3126",4267.73975329078
"3127",11537.7691230407
"3128",3443.94288398256
"3129",8739.1588921239
"3130",9714.83853826579
"3131",9648.09478644986
"3132",2254.7062250016
"3133",7097.99727538705
"3134",3827.09225528553
"3135",6547.79757521074
"3136",5010.27217292361
"3137",10558.9099206013
"3138",3666.22253061057
"3139",8169.00635684514
"3140",12121.2687620429
"3141",4545.62025266484
"3142",4909.71018489217
"3143",5245.94115460938
"3144",6076.62890063901
"3145",10366.320588321
"3146",8840.20143095829
"3147",4690.2989597359
"3148",6318.47707067255
"3149",3987.36377973901
"3150",5186.01541091118
"3151",4777.3541901728
"3152",6976.32093344268
"3153",2089.22874846234
"3154",5365.7844097077
"3155",1868.5517678617
"3156",3890.90116742713
"3157",10273.4282526156
"3158",8134.65452654543
"3159",4786.97070293571
"3160",4174.14623266296
"3161",3765.26304861467
"3162",6966.01107509265
"3163",6348.44122160971
"3164",8306.15669982124
"3165",2361.79740710265
"3166",4885.93560216593
"3167",5272.69095330377
"3168",7032.21861391002
"3169",5466.78240645293
"3170",5478.26707348716
"3171",3155.41614226799
"3172",3183.22644897731
"3173",5374.13737631461
"3174",5667.54956648836
"3175",5357.65290082491
"3176",2325.60504342691
"3177",3242.11086197628
"3178",8146.52567905525
"3179",3630.61082325451
"3180",2240.31459239707
"3181",3722.56529436045
"3182",6904.43180917512
"3183",2462.33991161099
"3184",3600.56843861926
"3185",6648.82959146204
"3186",3457.7388983125
"3187",3897.97561356443
"3188",2476.33608949895
"3189",9533.21433383762
"3190",1649.0321080946
"3191",6295.5595085902
"3192",1933.40933352528
"3193",8408.71560732281
"3194",7974.37508105737
"3195",13751.485091587
"3196",7333.31789020624
"3197",3825.4724153261
"3198",6273.70924190443
"3199",5545.86408639554
"3200",4068.28745676466
"3201",3618.44069448847
"3202",5284.12384703301
"3203",2690.43373759196
"3204",5721.5556677999
"3205",2531.4211808808
"3206",5859.89116858039
"3207",5076.54561095813
"3208",4064.46048770868
"3209",4158.23804750567
"3210",3876.99340859329
"3211",6017.932375748
"3212",5101.28744181548
"3213",6183.5614939204
"3214",3520.85085496388
"3215",7272.0669925845
"3216",7695.37941420876
"3217",4376.6598037685
"3218",3562.53670124145
"3219",4203.93223389471
"3220",2436.57705439912
"3221",6562.24104884354
"3222",6376.08772798261
"3223",5319.91863396723
"3224",3920.08373296616
"3225",6594.00362234859
"3226",2989.94806889596
"3227",2794.02775780414
"3228",4449.31942543876
"3229",5579.99690550426
"3230",7188.72389978712
"3231",6866.23981967726
"3232",4128.90285498399
"3233",4264.22074466274
"3234",7618.63013686013
"3235",9423.0247941867
"3236",2270.31930810143
"3237",8653.29578501725
"3238",5166.45241468801
"3239",3202.60202624643
"3240",5654.52426478267
"3241",7521.74245561624
"3242",3563.64310832263
"3243",3250.33298084873
"3244",3256.00961760245
"3245",5713.12888536521
"3246",2661.69974620547
"3247",7166.15484279912
"3248",4192.6643040388
"3249",4807.39589673124
"3250",6373.11678243091
"3251",3976.68236657919
"3252",11472.663086965
"3253",3627.39383187826
"3254",3108.0971544254
"3255",5836.03452048631
"3256",5873.04225104034
"3257",5512.10095900082
"3258",5636.13733262202
"3259",5180.09879919636
"3260",4623.92292497098
"3261",4235.20038983959
"3262",1922.82056960883
"3263",3343.4759255508
"3264",7709.18957353185
"3265",6287.87081580446
"3266",5961.11256711773
"3267",11507.3428352684
"3268",4950.77131999645
"3269",6327.6283311689
"3270",5452.46181457775
"3271",4086.82121212443
"3272",6136.9365474183
"3273",5842.31656385161
"3274",5864.23978479672
"3275",4643.45665484667
"3276",9251.61828035524
"3277",3292.07679036714
"3278",2997.09053678147
"3279",3200.34915632382
"3280",2890.03099831031
"3281",4356.17649551015
"3282",6359.88244658889
"3283",7495.20093415823
"3284",4824.1979243299
"3285",4203.49706842174
"3286",8043.86315419286
"3287",9213.4058661508
"3288",4433.47248948127
"3289",5604.42324142187
"3290",6822.44307788945
"3291",4797.98326746136
"3292",4191.27696187783
"3293",5428.58182322391
"3294",2637.43328457384
"3295",1183.0473098614
"3296",3897.13169681677
"3297",14729.6701462029
"3298",6019.96323792776
"3299",5044.49038623943
"3300",5207.70502083644
"3301",3626.6457318383
"3302",2959.38967715012
"3303",2640.09793082194
"3304",2078.97173886764
"3305",6788.69296804973
"3306",4354.23427277728
"3307",8063.59407946153
"3308",4338.46911272535
"3309",5601.62996250851
"3310",2186.82438592421
"3311",3016.0385920931
"3312",2349.16163024714
"3313",4415.70090215607
"3314",3490.41369162191
"3315",7684.6595052483
"3316",5532.11441903637
"3317",4238.92279912182
"3318",4099.83824401087
"3319",7481.09606248466
"3320",4140.88537139847
"3321",8829.43774595903
"3322",4739.80001214339
"3323",6456.98030008288
"3324",4702.99241102795
"3325",5998.4410390298
"3326",2330.54893141019
"3327",8107.78691038903
"3328",5123.90574572165
"3329",4846.0866000664
"3330",5435.53163845756
"3331",7111.71834021184
"3332",10059.5064813019
"3333",1675.9281282482
"3334",4140.4415727054
"3335",5365.21806108073
"3336",5941.58103579807
"3337",7479.11358220456
"3338",2288.61590072227
"3339",4664.01126569894
"3340",4843.54878805001
"3341",4395.46250651981
"3342",2286.71708979883
"3343",6195.36707811547
"3344",3637.68996973499
"3345",4456.47570265317
"3346",2519.83618756459
"3347",4835.35304551362
"3348",1980.13406873547
"3349",4380.15003644174
"3350",9514.9001911399
"3351",6463.28522180003
"3352",3376.76711676217
"3353",2060.71183534147
"3354",7666.08827644837
"3355",3772.1707048713
"3356",9328.99175681354
"3357",4053.4407362279
"3358",5457.3184251762
"3359",4934.9997098528
"3360",3705.62794209149
"3361",6843.83609931503
"3362",7036.8913093289
"3363",9409.01918487588
"3364",1391.85792297742
"3365",1178.57748139527
"3366",3862.18864748883
"3367",8077.15318825492
"3368",10054.8945795515
"3369",3667.36501296074
"3370",4111.61121748743
"3371",2040.19455228886
"3372",3549.14845837682
"3373",4039.08935784188
"3374",10239.7559108076
"3375",2728.11042834132
"3376",4397.17561842629
"3377",4782.7180658977
"3378",5830.56640019862
"3379",4537.30310463242
"3380",3539.9565241923
"3381",5477.54702082893
"3382",5862.43575758237
"3383",5086.42013627343
"3384",4773.01420557883
"3385",4382.55390928703
"3386",1402.56658135145
"3387",6808.57883658272
"3388",3460.87798708084
"3389",4119.19224958838
"3390",4083.40175715642
"3391",5879.11838700366
"3392",5043.03451738943
"3393",3803.8269440463
"3394",7011.63122146786
"3395",4407.90518515394
"3396",4507.03115858533
"3397",5564.35455469385
"3398",4339.73130258737
"3399",2313.15433449176
"3400",8914.0280586115
"3401",3215.30187823548
"3402",14134.5151785306
"3403",2964.80770408706
"3404",3648.4730504519
"3405",2392.10327694722
"3406",5589.0450404677
"3407",8287.91581804905
"3408",3495.44107443379
"3409",5906.69655007182
"3410",6486.22810597531
"3411",11047.3529720199
"3412",5537.53862126573
"3413",7484.19438706036
"3414",4050.29591643898
"3415",1180.18743579532
"3416",7410.25782237382
"3417",5570.22920050204
"3418",3304.43143438891
"3419",5269.54004311142
"3420",6256.3195976803
"3421",7549.51967135322
"3422",7806.58130338596
"3423",5009.2617621625
"3424",11483.9219470366
"3425",4289.34100741666
"3426",3397.99292064633
"3427",6443.4094721622
"3428",2863.87651891774
"3429",5094.76059899345
"3430",6086.46062149736
"3431",3693.93969310907
"3432",6708.03778837249
"3433",2941.13735381863
"3434",8494.28133388946
"3435",3159.74344441365
"3436",2260.72593944223
"3437",2306.01380392187
"3438",4661.02328581002
"3439",3439.02800950879
"3440",6783.71380402014
"3441",2430.32355293754
"3442",4178.44980548479
"3443",5153.19302514923
"3444",13259.1776334426
"3445",8373.0472396345
"3446",4748.00208956597
"3447",5605.43870281812
"3448",3907.1438636512
"3449",1097.66541406664
"3450",3426.65985472745
"3451",2651.8925305297
"3452",9505.51326230017
"3453",2814.44590077712
"3454",4858.3832197364
"3455",1779.40432036482
"3456",9123.93297017046
"3457",4427.35354573635
"3458",4950.42842419125
"3459",3777.88341016567
"3460",5880.25719166128
"3461",7441.14128414466
"3462",5582.26204255427
"3463",4827.187672631
"3464",4134.37604909641
"3465",4514.98565564642
"3466",5911.91856354388
"3467",4422.09694972209
"3468",9398.39256425144
"3469",6250.00545433443
"3470",2868.54347331473
"3471",5935.25502911932
"3472",9825.73078913905
"3473",3884.30281760031
"3474",4644.43872702471
"3475",7092.90302925243
"3476",9499.03534578485
"3477",10885.4352332658
"3478",6036.13212997786
"3479",4557.08305248519
"3480",8070.16604076291
"3481",3738.77063287923
"3482",3855.14788401639
"3483",3364.7004438357
"3484",5636.11181455315
"3485",3397.57700825145
"3486",6360.30990417593
"3487",7655.81608496327
"3488",4261.17934269371
"3489",11923.7570269289
"3490",5374.18295743095
"3491",2073.94238365733
"3492",7207.74369496532
"3493",7136.92822208512
"3494",7972.15954776527
"3495",6187.08716676972
"3496",6676.62023747439
"3497",6064.11746793083
"3498",6687.91621153231
"3499",2479.62012935011
"3500",9712.24282296584
"3501",3524.66363677708
"3502",3216.80348735128
"3503",4853.83200648532
"3504",7120.77189746778
"3505",2427.94931467116
"3506",3589.81428219011
"3507",5361.29017003888
"3508",6234.7200994569
"3509",4525.04239568289
"3510",4413.91597818577
"3511",5491.03014457441
"3512",6249.34375433193
"3513",7480.61285123287
"3514",3880.84313161753
"3515",6307.67409324337
"3516",9534.09167290013
"3517",4639.21091945394
"3518",5230.4224637748
"3519",6286.24545757717
"3520",3065.10172042163
"3521",6150.08168661891
"3522",4391.66866033652
"3523",6538.79938834812
"3524",7469.89688921947
"3525",5778.93492513476
"3526",9315.26883416588
"3527",7376.51716152136
"3528",7454.07482348103
"3529",9779.06460101792
"3530",10966.6224123929
"3531",5739.69137334614
"3532",8714.49970620603
"3533",7724.39149171824
"3534",3317.39526469063
"3535",4678.94479764142
"3536",9044.8338754134
"3537",3602.27246282814
"3538",1625.10966932279
"3539",4368.14400994108
"3540",2749.58124690218
"3541",2166.70297283889
"3542",4751.35820898187
"3543",3755.95755181357
"3544",6621.67773084075
"3545",7059.4948359385
"3546",5174.99432898755
"3547",6185.77016834583
"3548",7459.54073221813
"3549",5324.53409849171
"3550",4140.11698250321
"3551",1385.30082729418
"3552",8010.6899075142
"3553",5802.93696895509
"3554",3319.82854099286
"3555",6417.79298095591
"3556",5775.95846217137
"3557",4819.17455554556
"3558",9186.96021884307
"3559",10219.0588777863
"3560",6115.67672552104
"3561",9071.64757107297
"3562",5834.30707655312
"3563",4111.79429920635
"3564",4548.90208878554
"3565",4675.07332961791
"3566",5693.82836064836
"3567",5450.25237024762
"3568",5543.71214076719
"3569",5961.0387397692
"3570",8643.76805914741
"3571",6119.92205126537
"3572",3433.05588494748
"3573",11168.2738906227
"3574",3548.45279987709
"3575",5532.9687885649
"3576",6257.87145639362
"3577",5375.86018717277
"3578",6827.57351162413
"3579",8133.03751279024
"3580",4616.91329357028
"3581",8265.00262297987
"3582",4863.02588871337
"3583",6523.45887506101
"3584",3156.04087379505
"3585",9102.2512590558
"3586",5237.03051045316
"3587",6912.05442214047
"3588",5343.58140323317
"3589",6771.04236270592
"3590",4771.44058604323
"3591",6867.89219044149
"3592",4849.45335461618
"3593",7864.65768717526
"3594",4495.85269689525
"3595",7306.03027584346
"3596",2303.35071324807
"3597",5966.6924599348
"3598",2831.99701188144
"3599",7935.56009727728
"3600",5509.11641221651
"3601",7522.5611267013
"3602",4367.73254664766
"3603",4814.20577892137
"3604",6115.79220943141
"3605",3197.0149034796
"3606",1950.58530398528
"3607",4764.81487825076
"3608",4534.5712448855
"3609",4023.4584251286
"3610",4277.2957176122
"3611",3626.88653978019
"3612",5867.1896873017
"3613",8853.87873127568
"3614",6170.50311704475
"3615",6291.77913125459
"3616",5094.84744156717
"3617",9499.9487250105
"3618",4999.59027770755
"3619",5245.16793877387
"3620",6594.34210487525
"3621",5319.19145066995
"3622",5645.71372235613
"3623",5153.53767785325
"3624",2786.04367035395
"3625",1668.72593180154
"3626",5735.62698744418
"3627",5112.03317766747
"3628",5000.54572923004
"3629",5447.09804733744
"3630",3002.53094082023
"3631",3639.39541268349
"3632",5075.79631207901
"3633",1833.20458446408
"3634",3225.30896221619
"3635",4170.45217156212
"3636",3846.93790381704
"3637",3948.17822181177
"3638",4910.53202621744
"3639",5030.4213682065
"3640",9710.58170555258
"3641",2115.83592678647
"3642",10727.2720374349
"3643",2586.94206816854
"3644",4236.52313698229
"3645",6154.83329511021
"3646",4816.0555077577
"3647",7140.83663269971
"3648",5321.38030846103
"3649",3930.21978881845
"3650",2854.70716030715
"3651",6134.94842316263
"3652",3702.13100421539
"3653",9555.9043644318
"3654",5333.0141564355
"3655",4014.50520257809
"3656",5966.81158088811
"3657",7408.18625286949
"3658",5433.83432007377
"3659",8028.84979178727
"3660",10139.3566323213
"3661",9247.04872665659
"3662",3839.70553373691
"3663",6723.26450107433
"3664",5989.74564274709
"3665",2813.1838545549
"3666",7296.92261663137
"3667",4289.56751299067
"3668",6291.52657378983
"3669",5643.30354973528
"3670",4986.77509311534
"3671",4152.81600606331
"3672",8207.2044388057
"3673",6966.82420184847
"3674",5586.32296597789
"3675",3932.1687263971
"3676",8976.4928971887
"3677",1671.69213766727
"3678",8150.13063842873
"3679",2181.99963483214
"3680",8819.95090568252
"3681",5615.76864800701
"3682",6220.60509960237
"3683",3435.04814528261
"3684",3355.19634987327
"3685",6477.21502985386
"3686",3956.0838231208
"3687",3632.62211125984
"3688",7397.53226626612
"3689",2494.14194901043
"3690",4602.49153823894
"3691",4311.39150850038
"3692",2968.36889244372
"3693",3467.46542123286
"3694",3192.94536201149
"3695",4940.38268855761
"3696",4816.04019578593
"3697",6951.86498493864
"3698",6157.36930265295
"3699",6068.59799751913
"3700",1558.57544234523
"3701",4845.1825877275
"3702",4466.91737872193
"3703",3835.3521159048
"3704",4140.29761617526
"3705",7855.14231252781
"3706",6019.52971568494
"3707",7646.65182276262
"3708",12262.0421354392
"3709",1838.04214945709
"3710",3029.89764519042
"3711",2186.42785320763
"3712",5937.32101382432
"3713",5409.14793075901
"3714",3259.5243081018
"3715",8880.92654842394
"3716",1372.07032073848
"3717",3787.99890565616
"3718",4422.59107704199
"3719",6055.0440497357
"3720",6405.61211408669
"3721",4041.71825035074
"3722",7382.71330167219
"3723",4599.74062885687
"3724",2054.14151204278
"3725",5426.57298140164
"3726",7350.82646346925
"3727",2093.5677721778
"3728",3208.50690301228
"3729",5004.93011582771
"3730",10469.105554709
"3731",1304.49528782011
"3732",4744.30075790279
"3733",5376.64875398949
"3734",5456.30550064589
"3735",3351.00430582103
"3736",3467.57384232694
"3737",9417.89175229165
"3738",3543.57660362398
"3739",5908.4196786923
"3740",5586.97283717827
"3741",7729.29036250972
"3742",3987.47964512889
"3743",4211.47128814983
"3744",4387.86881363188
"3745",7030.48657987465
"3746",4210.51147221401
"3747",2563.42609200103
"3748",1536.19674468215
"3749",3572.81956847623
"3750",5499.15596695303
"3751",3638.14437113388
"3752",6472.09410494351
"3753",4377.21534590941
"3754",4964.68537654594
"3755",6271.02927906869
"3756",1803.55019526742
"3757",2561.98756891402
"3758",6785.51965651294
"3759",2186.242899262
"3760",6698.66608791577
"3761",5122.77161111182
"3762",5688.57379277219
"3763",6400.24086180644
"3764",7609.79538471578
"3765",4097.03338108101
"3766",4286.60106434475
"3767",2556.29579951969
"3768",5368.10760365252
"3769",8220.65092234145
"3770",4449.64975118684
"3771",3075.16061849758
"3772",7074.03268982505
"3773",2364.59750399453
"3774",9853.89958104043
"3775",737.167808122642
"3776",4322.49583217502
"3777",4794.29976025433
"3778",4466.87384591799
"3779",5229.76400466554
"3780",1743.27290352172
"3781",9578.52658032894
"3782",5793.51988891332
"3783",10935.9180609584
"3784",3888.93790538138
"3785",5520.59463418671
"3786",4692.48091779154
"3787",4759.63216692588
"3788",3835.68501516414
"3789",4840.21722263331
"3790",4233.96476846281
"3791",9931.13437009207
"3792",3405.43607428612
"3793",12335.2515557772
"3794",8945.44983096339
"3795",2246.62587829964
"3796",2032.56422115053
"3797",3485.20383792109
"3798",4478.49557935522
"3799",7440.17272358108
"3800",5366.95090127515
"3801",5862.0013167857
"3802",3048.17417543574
"3803",4106.20618241234
"3804",6399.90126015211
"3805",4413.4496133264
"3806",8402.71930989914
"3807",5109.18915330246
"3808",4182.83494009182
"3809",2339.50090552092
"3810",5517.82236277382
"3811",2551.80519366055
"3812",5517.9815819682
"3813",6922.33931190136
"3814",1772.01649355527
"3815",1411.23449218564
"3816",4327.28578440548
"3817",6176.86486595921
"3818",3433.00648348045
"3819",4816.65065687004
"3820",4414.28349217033
"3821",6515.70662946894
"3822",5903.69344136637
"3823",2893.90519915515
"3824",7871.3045752839
"3825",6682.91672161414
"3826",2620.77386203635
"3827",4744.33993712044
"3828",7853.08166188997
"3829",8927.50665737211
"3830",6177.70121417817
"3831",5630.76613167103
"3832",3654.81781906402
"3833",7186.05158639298
"3834",7541.63332831609
"3835",6756.91124771297
"3836",9924.73529812973
"3837",4216.68850243802
"3838",4637.33505794348
"3839",10196.9993904968
"3840",5237.23033595493
"3841",8337.45775563631
"3842",4696.24580130726
"3843",4543.67385809647
"3844",6110.99498824024
"3845",5080.06352067611
"3846",4384.48044218274
"3847",3981.41915302782
"3848",11872.5429506617
"3849",2798.81288658403
"3850",11609.0705988369
"3851",3079.78170311265
"3852",2315.80826508923
"3853",2927.49905454222
"3854",6755.44312381756
"3855",4846.9389532599
"3856",5366.36918945867
"3857",2039.57094949775
"3858",5802.68070169888
"3859",7733.75469128054
"3860",7182.88300527772
"3861",2473.21601935668
"3862",7509.92925926374
"3863",2843.45736900682
"3864",2563.34223177092
"3865",4939.16761379602
"3866",6547.27412141662
"3867",6022.82424538763
"3868",5587.73478432262
"3869",4117.86106144218
"3870",4000.25760711671
"3871",2481.61740513681
"3872",2053.82573943486
"3873",2964.51537751843
"3874",4902.08676763601
"3875",8744.7172073258
"3876",2535.93791448168
"3877",3650.54841002193
"3878",5371.50547159399
"3879",4280.16903842735
"3880",6270.93725674867
"3881",4018.66842832475
"3882",4911.58624683897
"3883",9336.91936266719
"3884",2523.51719989395
"3885",4011.71071975521
"3886",9206.69168981112
"3887",3310.02848971955
"3888",5915.27767941239
"3889",7028.1101230699
"3890",4558.98646938178
"3891",7588.1636506879
"3892",5875.9793660554
"3893",2809.95335456397
"3894",2457.77481400961
"3895",7861.99245932716
"3896",5069.16295530606
"3897",3922.00098451303
"3898",2099.93319601315
"3899",3749.227928243
"3900",5427.30309152452
"3901",2806.45239531324
"3902",3323.04094744253
"3903",2521.81609587668
"3904",5796.07097048982
"3905",7419.92928784253
"3906",4318.11985026748
"3907",3608.11563494918
"3908",8627.12034516217
"3909",8717.48865454987
"3910",6042.06772046193
"3911",4752.57578587485
"3912",5917.70288112329
"3913",8932.61858946976
"3914",5316.18505628977
"3915",4171.47932211618
"3916",7061.52649701096
"3917",4814.96356107329
"3918",5176.47063916642
"3919",7583.43915779568
"3920",4993.2157243751
"3921",3163.57829189266
"3922",6705.05052474356
"3923",3780.20287778589
"3924",2655.20654571487
"3925",6132.1893973705
"3926",10282.9287636228
"3927",7798.2514622446
"3928",5268.27480393799
"3929",2406.47201279679
"3930",5463.22588749428
"3931",3522.09374283749
"3932",1999.4571988997
"3933",2108.82731600472
"3934",5941.3872026052
"3935",10985.2023100271
"3936",6069.35885666753
"3937",2772.12963233149
"3938",4343.65011005918
"3939",5806.34992345754
"3940",3337.65716040687
"3941",7835.03947024862
"3942",3860.90439201018
"3943",5324.7470848654
"3944",3321.42671714909
"3945",3054.00376860029
"3946",3567.73896557774
"3947",6287.94470496057
"3948",7930.92133638781
"3949",5414.40116897959
"3950",4329.97625491064
"3951",8137.57644177851
"3952",3563.11068350408
"3953",5135.85347340425
"3954",5228.41561140469
"3955",3895.24340943509
"3956",10560.0998573875
"3957",8226.77426440932
"3958",2498.09494862403
"3959",6797.93954320846
"3960",1992.73569050146
"3961",5095.38865425211
"3962",2160.56402401061
"3963",5975.10356626409
"3964",2886.3257483124
"3965",4566.08079492033
"3966",4290.74470319331
"3967",7124.42987663252
"3968",7177.58628401207
"3969",4484.39118387603
"3970",5211.21938486909
"3971",5723.12363125163
"3972",5575.82663425402
"3973",5978.37452711526
"3974",5193.59006165247
"3975",4101.87926176068
"3976",1715.27405763289
"3977",2858.53170202102
"3978",3652.59998922289
"3979",4174.66542470595
"3980",1956.63763931929
"3981",1872.86593969632
"3982",9811.30721301661
"3983",6785.89848714822
"3984",2123.04590189579
"3985",4260.87669413903
"3986",5729.87664148287
"3987",5975.82248589321
"3988",5300.78368504159
"3989",4727.19085397257
"3990",4823.8779962667
"3991",5986.44058456976
"3992",8005.94219056796
"3993",2432.31412293366
"3994",5470.83493652637
"3995",10558.3035078407
"3996",7223.16353049048
"3997",9316.02308129525
"3998",2852.01697300217
"3999",7181.23835020408
"4000",3571.63237724151
"4001",3220.99732223316
"4002",7578.75383807847
"4003",2459.26079851569
"4004",8661.07663379825
"4005",5469.43457130046
"4006",7138.08390026866
"4007",7236.51274285401
"4008",3078.11335008638
"4009",5265.08457891532
"4010",4990.29946413776
"4011",5547.88123443013
"4012",5559.47547002858
"4013",4341.72242909501
"4014",6543.23391288286
"4015",4359.82259160944
"4016",6195.71189714136
"4017",3902.10245714866
"4018",4323.64233056898
"4019",3771.81169649406
"4020",3358.21463848272
"4021",5611.12898470351
"4022",4624.67519429052
"4023",5613.92954657302
"4024",9010.36594834569
"4025",4230.78472088953
"4026",7855.06140705082
"4027",7075.72888398194
"4028",5031.18692948006
"4029",3124.07859369082
"4030",7029.95341202064
"4031",3977.64601118752
"4032",8040.12383913598
"4033",7150.64386177005
"4034",1769.18621569552
"4035",2865.71411159291
"4036",5639.29616035474
"4037",4323.20512387023
"4038",3882.4355274493
"4039",6869.11324151233
"4040",7894.26774337667
"4041",6564.62657028559
"4042",3767.99406393862
"4043",3806.05453437357
"4044",2533.46803826815
"4045",3077.1253188203
"4046",4536.07512716181
"4047",2823.54732775205
"4048",8059.02214027505
"4049",3594.5461886155
"4050",7945.92905968294
"4051",2911.97695324977
"4052",3394.57025985263
"4053",3367.69739486271
"4054",6769.89413748268
"4055",6328.7655299789
"4056",10577.6585584936
"4057",8091.79037302133
"4058",5007.0311330508
"4059",5615.64141321153
"4060",2492.64951599948
"4061",2140.20105088089
"4062",4561.88226443873
"4063",6937.14363316551
"4064",5819.45815861155
"4065",4333.6343666077
"4066",4226.42501070641
"4067",6955.52946381923
"4068",1692.59864858515
"4069",1887.49893493851
"4070",2474.81738660316
"4071",4507.01361911121
"4072",7325.94107374176
"4073",3193.67752953176
"4074",2469.58276583598
"4075",5114.82734457188
"4076",7599.73422342114
"4077",7980.92998692003
"4078",2199.70695510431
"4079",9241.37177492894
"4080",7499.21024604974
"4081",2381.65263296035
"4082",6583.70236985129
"4083",8322.07645084197
"4084",5858.51615573169
"4085",8234.31816915656
"4086",7293.02655649424
"4087",6242.45100032975
"4088",5247.88919908635
"4089",7175.40572848951
"4090",2721.12632033526
"4091",3877.01425891073
"4092",3965.6427209808
"4093",3696.73677432491
"4094",5861.76384375017
"4095",8658.8541530614
"4096",3577.5125149166
"4097",7200.26782444952
"4098",7278.80999327335
"4099",4984.23113205517
"4100",6156.04669648333
"4101",5503.20687565568
"4102",4503.75326214056
"4103",3464.43426480395
"4104",12839.185326082
"4105",3952.17551563738
"4106",8042.29825218412
"4107",6735.80425571272
"4108",6189.90960627783
"4109",4545.75271399831
"4110",7680.69810406963
"4111",4880.90586624714
"4112",9022.35609581933
"4113",5339.38260759937
"4114",5400.01173084282
"4115",3287.17682919389
"4116",5675.58490996039
"4117",5353.57770072954
"4118",8782.29106989736
"4119",5350.81072340586
"4120",3666.20448471326
"4121",3653.57941704639
"4122",2824.0495299786
"4123",4635.15887140407
"4124",8146.0108845252
"4125",6592.90918241575
"4126",6241.57749075099
"4127",4770.80889557808
"4128",11821.7668414312
"4129",5945.28752406006
"4130",9775.80511080171
"4131",2945.89091827825
"4132",9055.11966311024
"4133",1845.87832559989
"4134",4464.84446652175
"4135",4871.38751070615
"4136",4700.16974541452
"4137",3223.82933337009
"4138",1201.69336232409
"4139",4746.81837721739
"4140",10089.4575124673
"4141",2165.33764694555
"4142",5633.75627174601
"4143",5190.70288167748
"4144",5867.51723354979
"4145",3623.82041544054
"4146",3270.98709265533
"4147",1392.95662305661
"4148",5798.22741276457
"4149",7102.24347089155
"4150",4165.04792121582
"4151",7992.08047706739
"4152",4358.17108132772
"4153",6460.69370027474
"4154",2477.14525157335
"4155",6082.85038326815
"4156",9128.94383899024
"4157",7833.67007770925
"4158",10932.6208822803
"4159",4126.20025605743
"4160",4197.31318473094
"4161",5082.51372242603
"4162",3771.08281647251
"4163",11741.6299983175
"4164",8783.33736545325
"4165",6089.95105116931
"4166",1881.55479583406
"4167",6370.35853415472
"4168",4617.39090726554
"4169",6381.4608272562
"4170",3294.73177690088
"4171",3456.05788085685
"4172",5028.31383581687
"4173",8199.1082703991
"4174",1451.43395913631
"4175",5368.37543005781
"4176",4476.61015769537
"4177",3969.44959101779
"4178",4336.14265671576
"4179",3056.6304746985
"4180",4381.42958763044
"4181",3405.56021067628
"4182",5075.37434660183
"4183",6042.01894476026
"4184",2238.87965627678
"4185",11427.150617097
"4186",7674.56204262958
"4187",3045.55699870549
"4188",3206.17587820604
"4189",3517.65000542183
"4190",3926.64545070269
"4191",1820.93361694418
"4192",2357.18766218377
"4193",3356.35723647813
"4194",10233.2434903785
"4195",6040.73962035094
"4196",4938.57194629102
"4197",5522.25323235436
"4198",3553.33012446819
"4199",3387.88434384362
"4200",4177.26321128185
"4201",4399.51526526344
"4202",6810.47713997093
"4203",2687.09033647948
"4204",7546.71944938885
"4205",2641.36050991627
"4206",3615.36417119316
"4207",10439.3387781617
"4208",3013.08788004093
"4209",4802.11778737104
"4210",6239.14645181113
"4211",6982.36489695928
"4212",1515.16677552398
"4213",3487.1827017162
"4214",6808.44867609185
"4215",5683.19963500631
"4216",8362.8500140509
"4217",4246.79770671215
"4218",3828.48340191913
"4219",6381.60326793161
"4220",5291.57543884625
"4221",5039.31168091256
"4222",3109.89760215464
"4223",9303.02540111955
"4224",7089.62507985171
"4225",2378.29864833411
"4226",7190.09840742842
"4227",7135.13483607967
"4228",3587.8040903465
"4229",3698.57221709366
"4230",5894.85562368704
"4231",3485.29922187561
"4232",6144.82166927744
"4233",4024.47807626927
"4234",4862.5092286283
"4235",6653.66731642792
"4236",13711.5957471145
"4237",6385.40968143987
"4238",3230.23360441474
"4239",2275.71658902871
"4240",1662.35976055625
"4241",4954.48577954149
"4242",3369.27161592996
"4243",3313.94336420583
"4244",4748.72763302951
"4245",7073.28352253966
"4246",5768.88638944353
"4247",6560.8548331621
"4248",5644.58381903765
"4249",6946.67953771685
"4250",4106.55980520707
"4251",7523.9890578445
"4252",3297.29972321441
"4253",10414.7377827051
"4254",5759.5873411838
"4255",5039.32124587934
"4256",3891.77708257391
"4257",5482.22363140556
"4258",2655.51402297249
"4259",2832.32373661362
"4260",2607.48491002119
"4261",3399.68014119379
"4262",4383.42605869664
"4263",5399.31620676618
"4264",5263.69520538754
"4265",4320.69516677299
"4266",3558.19798631012
"4267",3628.45741640672
"4268",6991.91836979327
"4269",7843.42807661532
"4270",5399.91853786173
"4271",3482.2722650753
"4272",5153.42551682732
"4273",2789.24872440868
"4274",5889.45089637878
"4275",1995.90228818782
"4276",5016.18553554011
"4277",6102.95137479331
"4278",4166.76039429841
"4279",7468.29723906697
"4280",6295.0872900692
"4281",3096.926461767
"4282",4130.60596743104
"4283",8007.20758171007
"4284",7614.84894066653
"4285",3181.45028125349
"4286",4681.32093023119
"4287",9454.72626523668
"4288",14220.2015833674
"4289",9518.31008709728
"4290",8596.19774342136
"4291",3716.6909031439
"4292",6198.59041151125
"4293",2076.32990624581
"4294",6274.96536618198
"4295",6624.31921496463
"4296",5115.81523692148
"4297",4967.42418273672
"4298",2892.70807288273
"4299",4359.66505981819
"4300",2487.39408770896
"4301",4212.77673456562
"4302",3789.50191217626
"4303",10161.5546454709
"4304",2972.79255505727
"4305",5061.84686015645
"4306",3791.78579765471
"4307",2926.76249111717
"4308",6069.87078319042
"4309",4361.9878360774
"4310",6701.36727017158
"4311",4402.54316398257
"4312",5753.50968602719
"4313",6247.84671463084
"4314",4778.75910537422
"4315",6930.60436403274
"4316",5160.63106499577
"4317",6312.91822899366
"4318",3996.3181602523
"4319",10424.8872922346
"4320",4209.51368976652
"4321",3346.30179524526
"4322",10415.2586901075
"4323",1993.98487678543
"4324",3443.4729105116
"4325",2573.99023273255
"4326",4972.34196049359
"4327",3304.11855659663
"4328",6695.63585185446
"4329",2418.03173562209
"4330",2960.07846436463
"4331",2346.40096918045
"4332",7581.07293121144
"4333",5535.28239233402
"4334",3419.67626608594
"4335",3750.86219180055
"4336",6364.15408213157
"4337",6258.95186088461
"4338",3112.25868299749
"4339",4386.03399896185
"4340",4805.83109688776
"4341",6433.63239047246
"4342",4107.32256515039
"4343",9465.30909103778
"4344",10485.2464605881
"4345",2127.81639658567
"4346",4671.39738040062
"4347",7660.03556941421
"4348",6006.66385642381
"4349",5776.13135955669
"4350",9538.06329232181
"4351",5528.99354397343
"4352",8864.98345434829
"4353",3470.50810517807
"4354",4014.73584225518
"4355",15294.7142976393
"4356",6132.65680369863
"4357",2389.89000068168
"4358",7464.44330383593
"4359",7659.92086363869
"4360",3557.71210209752
"4361",6779.43693536601
"4362",8247.47363577265
"4363",7515.08757199417
"4364",3092.18423936615
"4365",2328.36573554372
"4366",3802.65604713239
"4367",2707.57773412357
"4368",5685.59274484456
"4369",9603.25064685568
"4370",4585.99630882783
"4371",8557.52611507213
"4372",8431.64367267076
"4373",3157.71662502427
"4374",4344.61968860892
"4375",3794.28030782146
"4376",5812.18783282588
"4377",3354.16392166127
"4378",5069.01366660255
"4379",5785.36299517483
"4380",12636.6808065664
"4381",1533.81633930706
"4382",3466.99519855127
"4383",5391.99163255759
"4384",2299.02886249794
"4385",3928.26785593724
"4386",2021.67421357869
"4387",5380.18618758558
"4388",6788.20118893997
"4389",6787.93254681677
"4390",4969.40429610701
"4391",3425.065939616
"4392",5472.35853215569
"4393",6214.2959553788
"4394",6078.00292583212
"4395",5858.98949317716
"4396",3085.57285831118
"4397",5341.43283731735
"4398",4044.1413162711
"4399",7637.78326533793
"4400",7335.89644646115
"4401",8610.17621281598
"4402",1338.94186297542
"4403",1411.12022196653
"4404",9437.13807382912
"4405",5846.58131618291
"4406",3390.18997750757
"4407",3536.13144226803
"4408",15076.1719801758
"4409",4766.43216756062
"4410",2382.4387025577
"4411",5802.24796151125
"4412",4760.24286699633
"4413",2008.18174872868
"4414",5676.74555740727
"4415",9439.615942078
"4416",3927.18269716267
"4417",8309.92100664281
"4418",4182.15596154693
"4419",5349.85528683313
"4420",6564.76544097875
"4421",7342.48086909368
"4422",7303.36693447467
"4423",4755.8685088653
"4424",8746.93892327737
"4425",6273.00432345096
"4426",6475.85276062693
"4427",14492.5577056761
"4428",3904.39941605256
"4429",5448.98426959006
"4430",4966.68290258944
"4431",2419.51824326097
"4432",4670.04007723636
"4433",2333.55556725903
"4434",3750.21843347186
"4435",4336.47364517755
"4436",7806.2279728651
"4437",5270.20731103461
"4438",3490.48584920674
"4439",10642.0786093236
"4440",8326.07562137186
"4441",5273.11567293498
"4442",4724.26372840058
"4443",5312.4947177986
"4444",4374.47425781586
"4445",6035.664770453
"4446",2931.67451430735
"4447",7803.37232150388
"4448",7585.34389057575
"4449",8965.50176951935
"4450",2989.89301825938
"4451",2280.27408283943
"4452",4010.01617120072
"4453",7185.67753610318
"4454",7698.88203465345
"4455",6839.02306535991
"4456",7494.4480319327
"4457",7657.96674471075
"4458",5207.25398250151
"4459",943.625361604791
"4460",4211.20761511725
"4461",3062.718744691
"4462",4451.29959929781
"4463",3567.55975627253
"4464",6438.13104051218
"4465",3932.03424870019
"4466",1999.84527950175
"4467",4751.30369154766
"4468",5090.01936499024
"4469",3083.62262491859
"4470",5353.63673722156
"4471",3477.83094963757
"4472",5603.45421426866
"4473",2132.64874544076
"4474",3169.4096031072
"4475",4912.64546508389
"4476",5052.72323529789
"4477",6905.01749153249
"4478",3454.01889408729
"4479",5610.64295604546
"4480",1955.75735184475
"4481",3312.08383726579
"4482",3717.16594181181
"4483",3867.46863497276
"4484",3833.77323460503
"4485",4248.68700556428
"4486",4894.46247242281
"4487",5753.5674729626
"4488",4389.4742814668
"4489",4173.913479571
"4490",5193.64925832924
"4491",5679.47326292633
"4492",3443.62344923953
"4493",7206.02714255959
"4494",5591.27298245835
"4495",3460.56690416211
"4496",5262.82123268984
"4497",3217.53228586301
"4498",5547.20747346897
"4499",3180.08683881949
"4500",7272.22193897213
"4501",4215.33902846597
"4502",5333.31926220155
"4503",4617.01678915968
"4504",3392.293017219
"4505",2975.9745341494
"4506",5050.47093229031
"4507",3988.41353954293
"4508",6007.91874066682
"4509",6620.76051804441
"4510",3122.68235415424
"4511",6616.29189193598
"4512",4984.43693926511
"4513",5612.14241305366
"4514",2941.34722549032
"4515",3157.14455195284
"4516",3071.71254304826
"4517",3447.82788438018
"4518",2954.11185345356
"4519",4366.23482901516
"4520",3091.59199576546
"4521",3501.90331869578
"4522",4194.12718590593
"4523",3400.9188275818
"4524",5181.77266420587
"4525",5718.76727501431
"4526",4291.21733542165
"4527",4990.97721845214
"4528",6407.1933053126
"4529",5665.31660941232
"4530",4111.07619954139
"4531",5163.38300648972
"4532",5953.26069211139
"4533",6330.36563856882
"4534",7897.88102389994
"4535",2630.39164874819
"4536",5099.74625998997
"4537",4762.43467924331
"4538",1539.93978981714
"4539",4049.88690727093
"4540",4851.07106473198
"4541",6619.89288280153
"4542",2057.2563048625
"4543",4884.74605152255
"4544",6328.21153567784
"4545",2775.5577432547
"4546",8465.50160642527
"4547",3163.44502128154
"4548",4605.79075615323
"4549",7136.67043751222
"4550",4559.34148974344
"4551",9603.96911293163
"4552",7680.28618231538
"4553",3537.455252841
"4554",8259.52186212008
"4555",4577.40163945634
"4556",7362.1328967936
"4557",6423.40074645291
"4558",3709.72784727614
"4559",7345.0365174684
"4560",3823.37542497908
"4561",2460.37039220915
"4562",4941.38620762015
"4563",6331.07115726452
"4564",6556.07781757292
"4565",7243.22689365468
"4566",3488.59363111918
"4567",6388.94011368707
"4568",9340.19064725097
"4569",5472.07420965657
"4570",5456.93642734457
"4571",8766.55043652037
"4572",2848.53108675504
"4573",4830.27944730554
"4574",10105.9011663119
"4575",1912.70512168924
"4576",6427.24331031606
"4577",9491.55041045614
"4578",5559.26512075978
"4579",6257.03824881464
"4580",8902.56733948446
"4581",7973.80946355662
"4582",4552.75246621633
"4583",4423.03265829827
"4584",5934.59295546857
"4585",3526.52006920421
"4586",3199.65683125507
"4587",6476.38457025611
"4588",3806.43383975513
"4589",6767.37438630598
"4590",6937.03780384717
"4591",4302.26567162649
"4592",4133.7593685874
"4593",10393.4891887378
"4594",4191.2115924494
"4595",4593.83738377132
"4596",1603.39541435859
"4597",6609.66388958285
"4598",5652.83789995295
"4599",9182.6371098482
"4600",5266.14213991811
"4601",2410.03620402934
"4602",2974.22627783701
"4603",5430.14853591437
"4604",2194.99569513724
"4605",5949.11657959415
"4606",2910.77978535002
"4607",5387.00679716008
"4608",5449.84549470741
"4609",4265.7983273557
"4610",5795.18115068419
"4611",5756.9913202544
"4612",7296.18097123498
"4613",4753.23570758424
"4614",4739.81288887112
"4615",8924.58883743838
"4616",4067.50159434899
"4617",4495.6891500933
"4618",7664.85818505799
"4619",5548.59938048199
"4620",3653.37958572019
"4621",7238.52783582336
"4622",6618.16323713661
"4623",4723.46295094222
"4624",5992.52288449783
"4625",4863.21274915803
"4626",7372.53518202592
"4627",6922.33490432665
"4628",4117.13352033083
"4629",4775.7725800426
"4630",5490.58886619983
"4631",4145.42230307002
"4632",7286.93510963692
"4633",7494.39114098356
"4634",5519.6979659858
"4635",2668.64531103551
"4636",4562.28051687352
"4637",5711.64966829459
"4638",5815.97403426422
"4639",4461.73640884645
"4640",8502.31454843096
"4641",5377.74487540079
"4642",3938.99456519791
"4643",8947.64929763693
"4644",4217.68889717647
"4645",5040.10958928382
"4646",5558.84886892105
"4647",5666.05726420082
"4648",3790.57788877585
"4649",3587.07694297505
"4650",5116.68311835919
"4651",7390.33356016205
"4652",6006.55212900514
"4653",4937.11000493384
"4654",5346.57700540364
"4655",6597.09941818583
"4656",5857.62773444934
"4657",3238.02702994802
"4658",6137.58193802828
"4659",2740.89253761014
"4660",3707.22587663477
"4661",3970.0142471469
"4662",7026.10327435139
"4663",4677.90881306236
"4664",5665.12950622907
"4665",5706.70747432491
"4666",5355.10774278751
"4667",8509.47895697074
"4668",6116.7807991209
"4669",6537.95429630816
"4670",2214.75297852984
"4671",9679.22405357286
"4672",4325.34656915261
"4673",2490.82507049007
"4674",2552.10629901825
"4675",7201.70249004132
"4676",3728.96763632423
"4677",6121.82217915915
"4678",6545.51026843942
"4679",3406.11638156313
"4680",7177.00488772354
"4681",6960.02227245638
"4682",3694.49726781889
"4683",6698.82076329738
"4684",3274.80827432196
"4685",4911.27572223346
"4686",7925.12144983222
"4687",7432.64170989452
"4688",5326.5920735838
"4689",5435.17203972174
"4690",6506.58843244665
"4691",6795.2592577071
"4692",3924.83526531915
"4693",2183.36245139141
"4694",4458.63319219259
"4695",13225.5941040416
"4696",5124.09977672884
"4697",3035.97686784778
"4698",3383.94593216071
"4699",2136.99532598298
"4700",5044.05830262438
"4701",6791.0011562513
"4702",4272.12867468566
"4703",4424.55310044822
"4704",2629.62232415995
"4705",6449.56918694393
"4706",7122.28365036397
"4707",2710.57833789091
"4708",3256.74965311651
"4709",2999.85158915294
"4710",4383.59075793443
"4711",2865.00308293366
"4712",5023.8785156763
"4713",6286.01499441871
"4714",7555.65110659559
"4715",5449.56917278224
"4716",5415.55263723515
"4717",5418.3340718493
"4718",5995.13998948073
"4719",3647.06962269131
"4720",3135.45265680691
"4721",4912.36811110703
"4722",6050.03468194179
"4723",1457.99951366818
"4724",5285.94177135214
"4725",3324.1314418987
"4726",7686.04165708536
"4727",2609.07884290972
"4728",1964.17613539379
"4729",11215.4792699439
"4730",7458.40016675461
"4731",6604.28785955237
"4732",3052.59701706283
"4733",4820.6828438674
"4734",4632.70310306927
"4735",3490.51354257448
"4736",1776.90971975843
"4737",6174.84210580745
"4738",2805.57376222737
"4739",4474.18020360736
"4740",4437.06700793747
"4741",2763.06370956125
"4742",3416.56556508527
"4743",6230.92461912811
"4744",1503.89807594899
"4745",3890.86559871637
"4746",2791.92801556119
"4747",4200.07101021829
"4748",2712.2863229228
"4749",5746.0008312834
"4750",6048.99472198304
"4751",7152.73155742732
"4752",6873.57903367688
"4753",3499.52445129963
"4754",4694.41606696375
"4755",3989.26947646338
"4756",4806.90445381595
"4757",4291.38917263382
"4758",3057.88533186377
"4759",4938.81488649739
"4760",3474.08077541116
"4761",5687.98669669387
"4762",4796.54296297394
"4763",4216.07076176518
"4764",1446.36615057045
"4765",2976.7425871939
"4766",5596.22425484454
"4767",4016.96849801717
"4768",3469.46106362948
"4769",6871.05301388394
"4770",4485.9139746931
"4771",3833.90500217257
"4772",2942.17594787088
"4773",6762.75580570585
"4774",7470.05164964584
"4775",2080.94110918709
"4776",8346.31023470266
"4777",5012.37623323262
"4778",2369.11190143757
"4779",6009.36921378598
"4780",5309.50591192319
"4781",5788.25777494669
"4782",3764.3376495011
"4783",6755.4164953031
"4784",5156.72607773641
"4785",4316.60123053507
"4786",6706.19855402887
"4787",6946.75077080558
"4788",2607.22202408721
"4789",5000.18431904685
"4790",6929.02186491294
"4791",4559.60624287761
"4792",3313.04284639907
"4793",7474.94432782364
"4794",9367.55532233656
"4795",2899.87981046777
"4796",4393.74309692858
"4797",6853.53847760777
"4798",5346.76111686608
"4799",4911.08507853874
"4800",3629.92598906136
"4801",1474.04998724564
"4802",3402.06582909008
"4803",2744.63815329404
"4804",1538.82232784765
"4805",3698.0824997407
"4806",7701.46782959875
"4807",11824.1861939386
"4808",4688.02786633663
"4809",10678.7137883231
"4810",4644.48970111983
"4811",7683.55822884291
"4812",6674.26839014085
"4813",3227.23346168897
"4814",3240.66352984507
"4815",5723.92781490489
"4816",5332.67436213471
"4817",8557.15940376953
"4818",6731.27466448181
"4819",2624.93765495892
"4820",5964.28342447802
"4821",2386.71629133471
"4822",2869.86503335956
"4823",969.679323174001
"4824",3408.77157237125
"4825",2467.5723797027
"4826",2887.37662340363
"4827",3790.80772965134
"4828",4242.80127795809
"4829",5429.21817434521
"4830",6641.14513132628
"4831",4976.05754713633
"4832",4931.54856038094
"4833",9688.41275609995
"4834",7893.01983419061
"4835",4359.0166449346
"4836",4728.10103284038
"4837",8073.09115807753
"4838",5070.8648546405
"4839",4603.12267934321
"4840",1797.83774384216
"4841",4918.77326818748
"4842",4794.3593577026
"4843",8013.37621335709
"4844",2537.22697404539
"4845",2978.57891656627
"4846",7983.93907988205
"4847",4568.69975413999
"4848",3263.86741807743
"4849",4596.49843744014
"4850",5710.18419634283
"4851",6054.74395353982
"4852",5553.05428317451
"4853",5986.22063583921
"4854",4268.72635472269
"4855",10766.3796566817
"4856",5532.23567482136
"4857",3679.66242453497
"4858",4078.66485293116
"4859",3433.24022429239
"4860",3742.52899046679
"4861",6300.35572059761
"4862",6756.47710882744
"4863",6264.42578704207
"4864",5617.66143772879
"4865",6411.25223406008
"4866",3142.49736143794
"4867",5240.67953890061
"4868",2344.94752667903
"4869",5208.62960279721
"4870",10861.392922612
"4871",4433.88658156409
"4872",2841.03756787075
"4873",5115.99914276868
"4874",3789.36801524577
"4875",5386.17722234013
"4876",4855.12321232032
"4877",4792.16185944807
"4878",9740.6932611466
"4879",3211.59779895341
"4880",5053.14683852135
"4881",4359.86173510394
"4882",5871.40311039274
"4883",4267.2907245658
"4884",3022.67351005739
"4885",6254.63108211919
"4886",8412.7142630429
"4887",3243.00181298336
"4888",11203.9424470693
"4889",5092.06176640285
"4890",4145.30680374883
"4891",2396.42144602706
"4892",4329.69872234511
"4893",4176.17679882789
"4894",6847.64752406109
"4895",5321.08737280249
"4896",3841.3759864255
"4897",4446.17646263569
"4898",9131.27831678023
"4899",4254.20062176767
"4900",4732.27147972333
"4901",6504.7532297633
"4902",2697.92761243304
"4903",4512.60709324456
"4904",7348.15696812101
"4905",6269.20478657703
"4906",4922.61228069116
"4907",4512.66036307154
"4908",3479.87809105223
"4909",2752.18723131373
"4910",6558.10970283695
"4911",3172.1921116446
"4912",2618.80643836979
"4913",3096.37345704419
"4914",3936.41462890472
"4915",3850.36051692528
"4916",4451.9101088139
"4917",7648.91380001744
"4918",3966.84669864003
"4919",5189.73897464672
"4920",7214.35692965047
"4921",3209.91437871341
"4922",8125.50882715918
"4923",5455.81745107769
"4924",4143.82289686875
"4925",3652.95500955515
"4926",11873.6376341085
"4927",2797.2960569479
"4928",5106.33744345076
"4929",6621.68617684493
"4930",4129.4672558381
"4931",6132.41300477268
"4932",4880.46593585779
"4933",4743.79910462181
"4934",3811.15323206782
"4935",4921.46251676662
"4936",6855.12703841866
"4937",4665.3155124379
"4938",7264.31758840434
"4939",11029.9848163479
"4940",3539.32523763197
"4941",10082.87742041
"4942",5015.54191638366
"4943",7401.3851071868
"4944",3337.18627947528
"4945",5079.38312153774
"4946",8197.56969142088
"4947",4754.33535364881
"4948",4675.91427551338
"4949",2528.97562324052
"4950",5878.78418848146
"4951",4584.40615408053
"4952",7180.53245384112
"4953",4661.45181830815
"4954",2803.5061774326
"4955",8242.08588462463
"4956",4590.08344990411
"4957",7675.93094285141
"4958",3075.64840392518
"4959",4297.80796503666
"4960",3313.51349915634
"4961",4113.0335720533
"4962",4891.63198730652
"4963",7367.45147604647
"4964",1911.21063949261
"4965",9844.64581615652
"4966",3988.90635031683
"4967",6728.75194691273
"4968",1513.70706033212
"4969",9410.63405205944
"4970",2858.79646797158
"4971",3072.635251317
"4972",7897.09697221557
"4973",3281.7486365416
"4974",5759.23713748687
"4975",6696.01066146552
"4976",6531.93655310193
"4977",5721.9175925749
"4978",7498.18820899638
"4979",4383.46000860143
"4980",3261.20185212983
"4981",5196.54915398796
"4982",4268.45219337259
"4983",6031.13787307387
"4984",4827.36496183916
"4985",7203.71710797673
"4986",3399.94417715049
"4987",3317.08938232291
"4988",7665.86962770176
"4989",4962.0536218161
"4990",3504.87296366162
"4991",10574.6190423556
"4992",2808.32831952418
"4993",6930.59512508276
"4994",5321.76049404667
"4995",13263.9304762702
"4996",4368.23046083632
"4997",6110.89983882307
"4998",1995.38124132657
"4999",6448.38627455628
"5000",4925.2140398859
"5001",4109.05125545495
"5002",10462.4226045398
"5003",5516.94439415575
"5004",5588.86614026566
"5005",1804.08218305343
"5006",5562.43672948843
"5007",3822.03086200741
"5008",7451.95307703613
"5009",7583.16769472219
"5010",5853.97352384555
"5011",5015.56459799077
"5012",3997.77295205364
"5013",3240.16242267651
"5014",8911.19077068649
"5015",3378.06829840678
"5016",3853.59207179456
"5017",8206.5340701883
"5018",2694.42772235873
"5019",5452.00400866882
"5020",4826.92182809603
"5021",2390.314156615
"5022",12514.934514446
"5023",7609.68477833335
"5024",6059.581917195
"5025",7482.5634650315
"5026",4971.15242650866
"5027",4399.49517103075
"5028",9365.43645485869
"5029",7566.17304165021
"5030",2780.6996017677
"5031",7402.46166618704
"5032",7349.81378300622
"5033",5230.78130871721
"5034",5941.15172278456
"5035",4730.45049008424
"5036",4529.62349642703
"5037",4118.75757755368
"5038",3975.14723447361
"5039",6294.11172235687
"5040",3310.69781695481
"5041",5368.18361407734
"5042",5423.59842029493
"5043",9293.46426452196
"5044",3450.1293073378
"5045",6719.59124352649
"5046",5948.86326987896
"5047",3203.78407581034
"5048",7600.7121906156
"5049",5371.73102624953
"5050",7303.71694575844
"5051",7140.98963738955
"5052",6547.50324351166
"5053",4402.57233121584
"5054",5418.39343880105
"5055",1756.38284808456
"5056",5079.22972368891
"5057",2397.88462816569
"5058",4779.05839695572
"5059",7967.42882360937
"5060",11185.4596726658
"5061",3344.14973989164
"5062",4552.35316503415
"5063",8414.27627934777
"5064",5188.97112087056
"5065",9653.1793952405
"5066",4376.27951675071
"5067",3165.57474591496
"5068",7153.38389821659
"5069",5807.23225086019
"5070",6690.51828043628
"5071",3953.2701979659
"5072",5498.33888957131
"5073",4366.22413953673
"5074",11450.461880164
"5075",3082.87230413652
"5076",4584.63725849689
"5077",3900.4048877912
"5078",3551.69448044628
"5079",5611.41477829649
"5080",6531.8405788879
"5081",10515.1485440001
"5082",3323.57876600383
"5083",4646.60388755007
"5084",2440.45327565033
"5085",3978.02005001559
"5086",2199.56202560343
"5087",5050.80505890015
"5088",1867.30750679568
"5089",5473.03075732244
"5090",3322.92778687947
"5091",5867.62362050655
"5092",2226.18508437707
"5093",6920.58292916452
"5094",7240.59656168212
"5095",4797.45761677058
"5096",3539.03607598221
"5097",7379.60986909264
"5098",2173.00429100974
"5099",5688.83369394916
"5100",3496.35323620576
"5101",7321.09892052592
"5102",3087.08371883543
"5103",2861.17558192759
"5104",5215.4767706077
"5105",3338.32160408807
"5106",4994.12298557069
"5107",2317.18241952581
"5108",4000.41815588053
"5109",3867.78941862675
"5110",3701.99206057435
"5111",2446.22619267501
"5112",5690.02822845441
"5113",6416.86729018443
"5114",3956.73751304508
"5115",7966.59857492661
"5116",16267.4949881507
"5117",8401.29024464538
"5118",6163.75180093868
"5119",3080.9039212421
"5120",2988.42637758848
"5121",6528.98422776
"5122",4057.36759042193
"5123",6786.34196818515
"5124",13965.5666149613
"5125",4887.39060697588
"5126",7283.34932638373
"5127",5023.40542817174
"5128",2035.85826076649
"5129",2591.87441417744
"5130",11879.9522923159
"5131",4814.26795589679
"5132",6229.10488640331
"5133",4819.2669340896
"5134",3783.78997376567
"5135",8155.66806598729
"5136",2537.69373308518
"5137",3626.4320714373
"5138",8925.91032441816
"5139",5000.07703381643
"5140",6362.49188090611
"5141",4723.62592472852
"5142",3183.5907336119
"5143",7476.62884144328
"5144",12294.9589232459
"5145",4060.52421375952
"5146",3186.89533866418
"5147",2228.93210300093
"5148",3442.20267392462
"5149",4122.685702677
"5150",4612.69387984095
"5151",6859.70466733113
"5152",7629.77299830783
"5153",6554.21754511417
"5154",7177.45828018594
"5155",7683.62757994619
"5156",2614.61321853026
"5157",2847.50208184053
"5158",4822.51980490459
"5159",5713.10161426564
"5160",5081.49982045678
"5161",1907.60079712415
"5162",3464.05713301693
"5163",3432.18167835003
"5164",4119.42247963359
"5165",3497.723817461
"5166",7486.89270317357
"5167",4585.95248507959
"5168",5939.74321330065
"5169",6542.622626036
"5170",6637.69991117436
"5171",3997.90450479527
"5172",5593.8388000885
"5173",4641.01130024734
"5174",2821.94196825661
"5175",3619.15809590055
"5176",5912.58942867775
"5177",6073.97217337106
"5178",9391.7363606203
"5179",7146.68421538232
"5180",8935.82136151334
"5181",3023.35501808708
"5182",1096.80908009526
"5183",3825.64627357497
"5184",7182.52274826396
"5185",8465.33113273227
"5186",3754.55134012742
"5187",1999.80538994592
"5188",7924.91030670318
"5189",2222.77042277617
"5190",6241.00727255741
"5191",4083.13915494375
"5192",5398.85906440893
"5193",2400.44372491888
"5194",6881.28810377576
"5195",5045.53180302749
"5196",4355.96596216288
"5197",5211.17522794503
"5198",8677.47338006151
"5199",6051.41970314115
"5200",3303.41206017614
"5201",5184.53378377366
"5202",3751.57045142702
"5203",6676.76193176885
"5204",8421.54966644093
"5205",6143.95767499652
"5206",4349.52162090759
"5207",7063.91907634476
"5208",6470.7553331274
"5209",8136.92809715297
"5210",5847.65045856556
"5211",2885.12728853605
"5212",2773.165259331
"5213",9108.2693492613
"5214",4617.41549113265
"5215",1727.23039810301
"5216",4202.82747870602
"5217",7831.36436240195
"5218",2690.29318654718
"5219",5455.06201069464
"5220",4713.03109480027
"5221",5842.00193242932
"5222",4724.15207001759
"5223",4991.69466304273
"5224",1789.20021362539
"5225",4382.6657098693
"5226",4940.54018561088
"5227",8294.27240281057
"5228",5004.95118121064
"5229",7037.84680008295
"5230",5992.73873712245
"5231",3373.30641990417
"5232",7889.94533825683
"5233",8820.88063345104
"5234",3977.43432818179
"5235",3356.01260688255
"5236",4533.32057109138
"5237",2712.4148399593
"5238",8164.00741037948
"5239",5139.22224698984
"5240",2560.72391971352
"5241",1926.94380625692
"5242",8559.75697719719
"5243",4850.15315412683
"5244",7288.01602824021
"5245",6205.29121320165
"5246",3566.04706067807
"5247",10438.8474166674
"5248",9634.76936052309
"5249",3487.2548712088
"5250",9869.08592753269
"5251",2839.65016412316
"5252",4274.77005279518
"5253",3488.51948354847
"5254",2947.06866527157
"5255",5932.023176171
"5256",5455.41301810934
"5257",4310.01912548533
"5258",6646.83195465949
"5259",3647.21747849573
"5260",9095.64258046134
"5261",13230.9831946865
"5262",1865.72582020494
"5263",4937.23782221694
"5264",3786.09799734072
"5265",2379.12647368497
"5266",2542.67407601647
"5267",7427.83760538889
"5268",3939.37963622133
"5269",4203.57747551298
"5270",3994.29500585538
"5271",4672.78921785852
"5272",3989.92771199183
"5273",4621.2746841138
"5274",2984.55860883615
"5275",5091.3854266525
"5276",5594.83577441709
"5277",3072.328839703
"5278",2375.07558784907
"5279",3523.67539661558
"5280",4863.31917705899
"5281",4678.46605324134
"5282",10240.0441268632
"5283",12247.6335902547
"5284",5718.34580721706
"5285",5350.11567615625
"5286",6150.87385892071
"5287",6344.3647212747
"5288",3928.56841272826
"5289",5025.44045206596
"5290",2978.67641541234
"5291",7724.90981823276
"5292",8287.02381895785
"5293",1598.15412583569
"5294",5184.52232175187
"5295",4669.05920769426
"5296",2656.24329078704
"5297",3676.47077243734
"5298",7015.0548474805
"5299",4894.67037226085
"5300",4226.83040935645
"5301",4557.86922372022
"5302",4235.53702777898
"5303",9687.59512299334
"5304",3238.23552015901
"5305",5302.77568409313
"5306",3188.44281270535
"5307",2109.31886072154
"5308",3912.20863076422
"5309",5534.97656044859
"5310",5936.70053566946
"5311",3903.5381926854
"5312",5675.82496222551
"5313",8727.2700289166
"5314",9309.27738880255
"5315",4161.13578206871
"5316",6142.4346950553
"5317",6960.57022063452
"5318",4463.90957226319
"5319",3338.74820756126
"5320",6509.61450167565
"5321",8522.6074844157
"5322",7597.17528313067
"5323",4490.73837729788
"5324",6273.67262687883
"5325",7154.92692661635
"5326",5992.5977192811
"5327",5240.67365704139
"5328",11411.2205144176
"5329",4872.95157879015
"5330",4838.9460312216
"5331",2510.57074694469
"5332",1090.75512356742
"5333",4957.8070436843
"5334",3751.36540409818
"5335",7567.26104385074
"5336",7159.470251019
"5337",6687.13585868594
"5338",7031.90204069635
"5339",5680.16102298169
"5340",7797.59691538586
"5341",4900.20486981951
"5342",10111.7727417158
"5343",5309.45676921902
"5344",13800.4672608119
"5345",8414.09003257105
"5346",3841.93010772055
"5347",2776.87415436958
"5348",4913.62818356976
"5349",7821.8317476376
"5350",3550.02854321687
"5351",6627.66731236165
"5352",9800.18605109566
"5353",5714.80258186173
"5354",9678.99206775252
"5355",3259.90900203103
"5356",5585.90262103238
"5357",6252.90446707053
"5358",5835.01937359961
"5359",5589.71322893992
"5360",10103.948026047
"5361",3507.64270075853
"5362",3769.70252782042
"5363",7128.67365704034
"5364",11033.1363877343
"5365",3444.41176940879
"5366",2694.51840276696
"5367",5688.779546262
"5368",3023.90896562696
"5369",4363.60024094803
"5370",3869.54321057792
"5371",2340.11920385738
"5372",3658.2163932753
"5373",5855.85260979895
"5374",11425.9680886315
"5375",4198.14428603422
"5376",3431.46856199915
"5377",4310.01249298942
"5378",6788.57439509779
"5379",5600.79267433716
"5380",2481.82221391855
"5381",2199.29712065961
"5382",4953.45307023369
"5383",6386.87753071287
"5384",2373.40943613189
"5385",5499.76669714053
"5386",6596.61584800476
"5387",6722.33154875756
"5388",11228.860709006
"5389",2673.7795279104
"5390",4531.29133593105
"5391",7868.65812420554
"5392",3495.40629886813
"5393",6219.23283248185
"5394",3603.43440413428
"5395",7888.88724267646
"5396",8459.89964881761
"5397",3885.15302347264
"5398",4448.54727878643
"5399",3867.76377223013
"5400",3637.72280346364
"5401",2111.90751285118
"5402",3798.2723813919
"5403",3151.19637609267
"5404",4299.418750702
"5405",6355.47904327634
"5406",3586.62256857805
"5407",6870.8198756983
"5408",2732.83881922241
"5409",8467.6991516421
"5410",5202.14889648021
"5411",5405.33694250922
"5412",6440.37985419855
"5413",6723.21657380182
"5414",7335.91972364375
"5415",8169.08088633767
"5416",6622.22157022881
"5417",5684.6458988766
"5418",4972.61254382215
"5419",3700.54234268522
"5420",3850.20653947251
"5421",4082.23850070738
"5422",7022.11495337234
"5423",6493.50067206961
"5424",1553.44099642267
"5425",6028.05131864559
"5426",4441.91376118234
"5427",5127.73446107691
"5428",8166.30471804208
"5429",10064.1432984114
"5430",5160.8889348901
"5431",6022.15115714096
"5432",3810.7331506238
"5433",5768.36227630667
"5434",3583.01616666827
"5435",8430.24872564257
"5436",4905.22945535171
"5437",4278.42868363135
"5438",2978.01238578151
"5439",7685.73171673401
"5440",6519.64919423294
"5441",6012.06361949345
"5442",7724.14358840202
"5443",3790.01781413698
"5444",7767.65018890047
"5445",7306.80054156715
"5446",11626.1448662441
"5447",5332.83641609823
"5448",8141.51542281004
"5449",9011.63510567037
"5450",4456.90554731962
"5451",4586.87062480184
"5452",4238.87614100962
"5453",2948.74467885797
"5454",3557.50861171196
"5455",5642.6120028366
"5456",7580.3767800848
"5457",2639.78710831684
"5458",13026.9553635941
"5459",6442.43391658319
"5460",10807.280815899
"5461",7705.89476850786
"5462",4900.38083272887
"5463",5895.23075037292
"5464",2009.81968979875
"5465",6500.14378394309
"5466",2933.56426506984
"5467",5503.62008768041
"5468",5461.40490573301
"5469",5306.70035364077
"5470",5761.44638821989
"5471",5012.7068243401
"5472",6037.4407870337
"5473",8958.54269619507
"5474",3233.36345132161
"5475",6769.94800855737
"5476",2419.53250083514
"5477",5175.23147457413
"5478",2589.88675548759
"5479",3562.71230213047
"5480",3811.30722255784
"5481",3776.00055104826
"5482",6242.51055649959
"5483",6199.45301381371
"5484",6900.56466009252
"5485",3219.29315332562
"5486",4588.95109437982
"5487",1230.80129971978
"5488",7496.16773245216
"5489",3181.93884873972
"5490",8898.13208147447
"5491",5508.58410603611
"5492",2549.17107807222
"5493",6306.03165373707
"5494",6006.75206586305
"5495",3301.66693292861
"5496",2090.66220985906
"5497",4725.73944960121
"5498",3081.24225768785
"5499",3037.91004900489
"5500",5495.2389466227
"5501",5363.00864866615
"5502",3337.36486485432
"5503",9035.58331049996
"5504",5130.41490576265
"5505",7206.50317715952
"5506",7063.61184392858
"5507",5473.38124663953
"5508",4195.42371262464
"5509",9404.81815188029
"5510",9760.73477096861
"5511",7603.67001969868
"5512",3999.724083409
"5513",3224.93614192161
"5514",5431.34727438434
"5515",3419.76318625786
"5516",3449.06881626125
"5517",6901.89922838775
"5518",3671.3410690329
"5519",4991.96234083007
"5520",2801.67983965727
"5521",1004.40673743491
"5522",6598.15533353941
"5523",6102.92295375624
"5524",7286.10814225243
"5525",5692.37142314465
"5526",3810.24553348293
"5527",5820.58186023979
"5528",6490.81368210667
"5529",1354.24640666606
"5530",9288.83477484121
"5531",3450.7600965742
"5532",6754.68083722703
"5533",5385.67795417295
"5534",6215.31941439916
"5535",2936.54580464476
"5536",3067.44021246553
"5537",5331.21230137837
"5538",2320.73094076227
"5539",3691.01413818781
"5540",5125.11304825573
"5541",5569.22983619076
"5542",4102.5778373995
"5543",2557.80124063516
"5544",3195.2358156087
"5545",4479.99466495094
"5546",9242.40462770307
"5547",6887.11021988845
"5548",6042.85745018924
"5549",2379.07769891288
"5550",7500.51614651812
"5551",5548.73859264376
"5552",6543.09898191009
"5553",5311.09898311918
"5554",7409.04310562497
"5555",3016.01222376345
"5556",4005.99586525268
"5557",5022.18293534371
"5558",3497.19919086498
"5559",3104.96743214974
"5560",4199.49382808444
"5561",6364.7154797329
"5562",5904.73285998969
"5563",2450.79590263113
"5564",7956.49259690393
"5565",6006.17053803348
"5566",4567.51735874836
"5567",4617.2294866906
"5568",3814.63436447829
"5569",6862.20483987941
"5570",3314.81646786624
"5571",8509.31394155783
"5572",906.487864214752
"5573",5183.03093752469
"5574",5065.03523844725
"5575",6868.08407857461
"5576",4161.86782188504
"5577",4504.1124872035
"5578",8101.96838712762
"5579",4846.10980060784
"5580",7826.63393213053
"5581",7971.184200463
"5582",1862.51105490891
"5583",4647.66384912282
"5584",8641.8359047579
"5585",5020.27056607202
"5586",4760.53035140218
"5587",7716.94734438771
"5588",6983.14922234695
"5589",2682.91349544958
"5590",7305.78680094582
"5591",4188.71911807952
"5592",6464.79234049673
"5593",3089.36753671215
"5594",4312.00321209303
"5595",3324.41325915843
"5596",7839.40511114965
"5597",8026.39306957927
"5598",7750.69929144165
"5599",4397.57113879378
"5600",5970.88713515911
"5601",3162.01821402769
"5602",7433.30655554385
"5603",3197.62085447618
"5604",3379.94862738682
"5605",9398.34673064551
"5606",1399.15740421484
"5607",8705.17032959324
"5608",6592.03729144443
"5609",9828.63441963337
"5610",5019.7710335158
"5611",3106.55606469407
"5612",3122.29309785709
"5613",5036.11563804018
"5614",4401.70499945281
"5615",7692.66333937482
"5616",6422.06050647167
"5617",8322.03685960069
"5618",6385.20670200762
"5619",7342.48147280439
"5620",5062.90205727686
"5621",4163.52757643216
"5622",2820.34390761424
"5623",6851.50527239323
"5624",6848.83998617047
"5625",5955.32580458204
"5626",4329.24633406813
"5627",2928.62005508906
"5628",3429.50280616712
"5629",2412.9991584305
"5630",2111.17835987563
"5631",7654.61344188493
"5632",5769.97099489038
"5633",5250.2401522703
"5634",5424.15967513132
"5635",3960.27870496438
"5636",4947.2682988462
"5637",5325.51025719976
"5638",6720.51138174016
"5639",5747.05313908635
"5640",3931.43910809723
"5641",5373.78336658271
"5642",5881.29133101087
"5643",6299.566085839
"5644",2696.84371898184
"5645",7026.11088963045
"5646",5802.41974136955
"5647",11171.319327651
"5648",4607.42816857278
"5649",7733.24266978208
"5650",5824.85353693023
"5651",4652.61591861106
"5652",4238.06137591507
"5653",8966.65615950042
"5654",4855.14039823099
"5655",4188.80662199965
"5656",4305.19420573773
"5657",8175.60362601338
"5658",8612.76514034788
"5659",5047.90089197387
"5660",4327.93245569005
"5661",10441.5382525732
"5662",3300.76147623808
"5663",3263.25922091608
"5664",8798.91277813422
"5665",5041.87002224417
"5666",4457.88410909695
"5667",3731.56824247231
"5668",3079.27497004421
"5669",4290.10227587027
"5670",11348.711820314
"5671",5952.65692732099
"5672",5694.25083697401
"5673",4036.17863079638
"5674",6227.12858840841
"5675",5046.11448554986
"5676",4083.10398978565
"5677",6473.76237496542
"5678",6070.44912996073
"5679",3598.55715772131
"5680",8284.88533403917
"5681",2423.96509987145
"5682",6184.35953128932
"5683",5915.43005809659
"5684",5143.67797951447
"5685",6009.2541014204
"5686",9058.6620686333
"5687",5758.48511977389
"5688",5291.29916686274
"5689",4326.46288513974
"5690",3589.4558084826
"5691",10333.0775287485
"5692",6765.87849324773
"5693",3724.4562382414
"5694",6248.0610197697
"5695",3773.00225143257
"5696",2850.41996301728
"5697",4363.03050279478
"5698",3894.77982290677
"5699",5079.98700134578
"5700",6341.43598930934
"5701",2974.87964444101
"5702",5688.46891878429
"5703",5645.88308681612
"5704",5124.16170101718
"5705",4348.21448730829
"5706",3271.7718682487
"5707",4672.16900825861
"5708",6744.88776934764
"5709",7406.97093950049
"5710",3417.52020445856
"5711",8022.68383180199
"5712",4587.25334742264
"5713",8287.22939304
"5714",9203.36670329224
"5715",6492.82048443018
"5716",7927.55593471177
"5717",6092.11954678281
"5718",5606.41044887085
"5719",5756.91607064538
"5720",12262.5413581472
"5721",2230.42794494529
"5722",4280.09445827623
"5723",4768.24702609429
"5724",2848.68994754012
"5725",5745.86044324038
"5726",6862.69527035876
"5727",3325.22963864397
"5728",2766.47905950306
"5729",2309.70975203876
"5730",4141.22386136738
"5731",2968.1434189264
"5732",7516.61505316105
"5733",5927.63703396317
"5734",4086.43040093477
"5735",5257.57064912206
"5736",5438.13911186589
"5737",5311.9702337131
"5738",2325.68979568064
"5739",6369.29594161361
"5740",3276.76637617603
"5741",2898.0744237582
"5742",2454.9382462455
"5743",6955.7221165899
"5744",1937.40831615921
"5745",4434.72653418942
"5746",5702.12716428854
"5747",4476.79600238556
"5748",4965.65739370597
"5749",3625.293379126
"5750",2923.44861433993
"5751",8300.53982727311
"5752",8234.78505765245
"5753",12680.8598892487
"5754",9806.45969261794
"5755",3862.72866961581
"5756",3144.3076621436
"5757",6550.73529151513
"5758",5462.07905669231
"5759",5440.554931277
"5760",10571.9530435087
"5761",7057.95895095152
"5762",2911.76094570948
"5763",7843.91932397534
"5764",3860.49915403081
"5765",6416.97046508588
"5766",4675.40307075524
"5767",5068.57532084046
"5768",4119.5112782346
"5769",7105.85928892216
"5770",2036.49867692002
"5771",8887.11434585729
"5772",6236.87152968865
"5773",2599.28650144854
"5774",2761.62014953117
"5775",5663.14063816966
"5776",5145.76503253251
"5777",6249.17213619268
"5778",6307.5539202505
"5779",4841.56842579891
"5780",5373.00014578429
"5781",6189.17679837276
"5782",5571.42761016515
"5783",6158.90698059578
"5784",9289.66389845585
"5785",3228.40648165514
"5786",8109.90879388514
"5787",2582.7509165309
"5788",4387.54586387705
"5789",8355.5508685307
"5790",4691.71967850724
"5791",6813.72154267464
"5792",4994.08450277516
"5793",3015.99335908133
"5794",6012.6767700144
"5795",10127.0962215332
"5796",2876.74232149636
"5797",3937.0666331338
"5798",4502.00570209767
"5799",5242.95494614431
"5800",4540.0864236388
"5801",4946.82716838847
"5802",12447.1928495817
"5803",7665.99300231755
"5804",6521.70484410156
"5805",5894.33526190929
"5806",6328.18065624568
"5807",5928.09541104955
"5808",2679.62219289917
"5809",4702.54922800593
"5810",6994.07797019358
"5811",4504.92283485772
"5812",4005.56953754107
"5813",1914.05367887684
"5814",4188.7236033685
"5815",2803.03799106146
"5816",2188.35323465167
"5817",5938.78722646914
"5818",6135.80888615723
"5819",3002.54651294916
"5820",2713.68813782628
"5821",3585.3670339979
"5822",6457.48863437964
"5823",5082.36408103281
"5824",4773.68148474069
"5825",6082.29762252839
"5826",4665.59165912279
"5827",3789.71420866397
"5828",5902.34916980716
"5829",4069.78689896618
"5830",6269.82537994522
"5831",8040.68253052974
"5832",1615.71421772335
"5833",3789.14555883571
"5834",1911.98902550002
"5835",10063.851898442
"5836",3407.39908504917
"5837",5471.75271706679
"5838",6190.70427385863
"5839",8041.89309366338
"5840",5475.67673773842
"5841",7038.22243375162
"5842",7304.68631514249
"5843",9286.89475136204
"5844",4965.73539703793
"5845",6603.90757735091
"5846",5799.46064604772
"5847",3715.01218630665
"5848",10417.1590643686
"5849",8417.41614456236
"5850",4991.61976399546
"5851",2650.10035568802
"5852",2916.65445364179
"5853",10726.1372740368
"5854",3192.5336836733
"5855",5591.73386787809
"5856",4454.41150021908
"5857",3187.18062602472
"5858",2427.39843186899
"5859",5926.01700118941
"5860",5110.3520533574
"5861",5486.24554231798
"5862",2153.56404825713
"5863",4460.79617460468
"5864",2803.24892476137
"5865",3447.67375141202
"5866",5602.25850451784
"5867",4987.29529836215
"5868",2492.74019222689
"5869",3531.56381541083
"5870",1980.78810095962
"5871",5611.5629829634
"5872",9913.06394763204
"5873",7382.03022157942
"5874",3615.22460929526
"5875",3797.83534569194
"5876",1996.98384500889
"5877",3662.37300425401
"5878",7648.63995025016
"5879",6718.06978561234
"5880",7218.06743278739
"5881",3586.59963622299
"5882",6205.46484117262
"5883",4206.26590842998
"5884",3141.43884713226
"5885",7026.17503380217
"5886",4700.31743732915
"5887",6212.37568549358
"5888",7959.52700236067
"5889",4885.0297976415
"5890",6226.55440253916
"5891",10757.4385864406
"5892",5937.91100660793
"5893",2488.50584215735
"5894",6064.14274507522
"5895",6611.75367347803
"5896",6903.07973358821
"5897",3417.54823873058
"5898",7088.06658090407
"5899",2932.13138126157
"5900",5645.87655856478
"5901",5416.26867475989
"5902",4270.6211986565
"5903",5715.83564095298
"5904",4795.82829721336
"5905",8184.75811802113
"5906",4722.22245167929
"5907",4925.63494296122
"5908",1557.86204637232
"5909",2677.88465803693
"5910",4397.22317185457
"5911",16355.2590066056
"5912",4742.37350519886
"5913",3354.51682194869
"5914",8698.34624127921
"5915",5013.11696391582
"5916",9052.58400590956
"5917",5946.79557327082
"5918",1849.72680355178
"5919",3907.14896380162
"5920",4806.05029926711
"5921",5685.34075966355
"5922",6167.34725965629
"5923",5883.71358774125
"5924",3897.60945281555
"5925",2577.91839902854
"5926",3485.25011017866
"5927",11415.3083915726
"5928",4680.33517623844
"5929",3248.54512992065
"5930",4936.01934241981
"5931",4303.77582415217
"5932",7275.53891564457
"5933",4587.76344438421
"5934",2075.59709154244
"5935",7375.8252711012
"5936",6437.90180040157
"5937",6765.59531408682
"5938",4469.00312232913
"5939",5389.39719684562
"5940",2203.46764112328
"5941",6157.24084488128
"5942",5183.82671063184
"5943",8048.84169910231
"5944",9252.83217888331
"5945",5661.69683055807
"5946",6866.55257171654
"5947",4686.48760378896
"5948",6760.86019331665
"5949",6146.30557234772
"5950",5057.17146567185
"5951",1992.36415816273
"5952",10699.9898527212
"5953",4301.77684541111
"5954",1282.69863124617
"5955",4405.38836504909
"5956",3581.8358643346
"5957",5359.59786632477
"5958",5462.9009900071
"5959",6428.24900800909
"5960",6824.74955752376
"5961",3681.90521637141
"5962",5411.85844684253
"5963",4356.45459977188
"5964",4587.71206138609
"5965",2448.30426700076
"5966",6145.83198456309
"5967",3515.91183756507
"5968",2390.05627370544
"5969",2950.30848198856
"5970",8027.45244797989
"5971",5302.3989674648
"5972",2013.99215323827
"5973",2486.34543066681
"5974",4876.54436052835
"5975",5603.25641870574
"5976",3958.31767421664
"5977",2785.33777137811
"5978",7011.23208910454
"5979",8337.38090046123
"5980",3573.29795017937
"5981",10017.6482653996
"5982",8660.45420085278
"5983",4308.91891972639
"5984",3174.40433851018
"5985",4696.79470520461
"5986",5618.28700596152
"5987",3828.83644548507
"5988",6275.09751590592
"5989",4026.3624101181
"5990",5416.46157850575
"5991",4627.35626357468
"5992",4899.35488576506
"5993",8193.84295385238
"5994",3136.62459822005
"5995",3495.17042209202
"5996",9027.67341960984
"5997",9906.79737636744
"5998",3204.04750646959
"5999",3421.69476640801
"6000",3170.9163865482
"6001",2788.72930783872
"6002",12075.5283124597
"6003",6707.47843404015
"6004",4754.64070830884
"6005",8416.61633230338
"6006",5847.35177962872
"6007",7059.73934136675
"6008",5051.21173002006
"6009",7069.32568659121
"6010",5432.69980760379
"6011",5272.18337359757
"6012",6124.04956628021
"6013",4200.83817682764
"6014",4766.75077477662
"6015",8241.67593340558
"6016",2688.6640356924
"6017",3461.16103879723
"6018",6204.93503342126
"6019",7827.72965122812
"6020",4903.77921010286
"6021",10678.5728535674
"6022",3699.31771342794
"6023",5391.00222079497
"6024",8894.39032036904
"6025",4326.1617910848
"6026",3361.40541141224
"6027",3355.16934065055
"6028",7953.74157226569
"6029",3438.54382400226
"6030",10856.5667931468
"6031",7462.36628843477
"6032",5437.98142802092
"6033",5071.42692412378
"6034",3272.40230002353
"6035",13084.3729421474
"6036",5444.71367598028
"6037",8181.34603241523
"6038",3479.77580066083
"6039",2623.31338037021
"6040",3816.2955700974
"6041",4298.96683438407
"6042",5451.71235284151
"6043",5141.46836537891
"6044",5195.321378597
"6045",1911.56158723799
"6046",7118.25933377229
"6047",6900.36139133293
"6048",3382.94317276566
"6049",3661.74432006752
"6050",5703.22965306562
"6051",2385.20586281817
"6052",8790.80078955443
"6053",4485.78376954503
"6054",6201.27559312677
"6055",4960.05456636497
"6056",4507.09477829165
"6057",5387.83184883272
"6058",4945.66029070166
"6059",5354.15354541264
"6060",5682.48020915489
"6061",6645.84078030166
"6062",5591.84098083881
"6063",4684.56469160004
"6064",3747.74074135977
"6065",3112.24470793374
"6066",5268.52560467419
"6067",6743.97298761905
"6068",4326.14135057299
"6069",7654.86437740753
"6070",8569.10080073349
"6071",7055.13913589763
"6072",4854.54097797081
"6073",5776.25645491824
"6074",2269.54557728855
"6075",3603.6929724348
"6076",10065.9087768414
"6077",4622.62447573978
"6078",3994.74008826393
"6079",8546.70619589248
"6080",9703.33824099501
"6081",3863.49998785806
"6082",5637.24795669102
"6083",4364.89668519696
"6084",3598.70252238115
"6085",3212.90699475701
"6086",2060.52116242138
"6087",6645.57436902774
"6088",3127.79098194302
"6089",6808.46477617923
"6090",5214.14979630709
"6091",7265.7375480762
"6092",7158.51289957488
"6093",3202.1341932402
"6094",2119.7890966009
"6095",7419.39024054841
"6096",5551.48578189989
"6097",4925.11307441129
"6098",4061.00999656384
"6099",4850.30343603541
"6100",8407.76456148818
"6101",8991.62204300537
"6102",5808.93584162934
"6103",4629.10656486952
"6104",2677.33768756868
"6105",7042.18357189919
"6106",6679.26367949636
"6107",5684.71536708612
"6108",2553.28631796403
"6109",3287.83918494615
"6110",6475.22749973554
"6111",3278.77519895771
"6112",8227.11508605757
"6113",6321.53723889205
"6114",3617.82046561176
"6115",5697.45572493807
"6116",4152.41293782694
"6117",12327.6868209759
"6118",2814.90193478501
"6119",7237.61951313092
"6120",2043.5602740015
"6121",8250.54250827624
"6122",6802.63333726092
"6123",1938.97014984192
"6124",5488.25490578107
"6125",6906.47666565329
"6126",5651.1516342407
"6127",4252.0969708598
"6128",4784.52516323491
"6129",11082.1814766388
"6130",6106.39904012252
"6131",5788.85548963631
"6132",3791.74554118951
"6133",8475.42045465269
"6134",8973.14771092724
"6135",4004.73397920455
"6136",1443.91652274068
"6137",7150.24832747469
"6138",4947.19740703539
"6139",4049.25515873014
"6140",4944.04157879617
"6141",7213.35857016034
"6142",7136.48919972481
"6143",7041.69328099495
"6144",7028.47213356697
"6145",2808.61881006189
"6146",4404.22369125654
"6147",6704.79870678164
"6148",4401.50110008521
"6149",3569.81403569673
"6150",3004.00485394313
"6151",6773.49652952224
"6152",3026.56230800552
"6153",1722.23996991938
"6154",1959.7693352045
"6155",7877.90742566466
"6156",8182.97037232568
"6157",1252.41586759861
"6158",4631.76098794577
"6159",1539.34187870583
"6160",5394.09216945549
"6161",4188.34257808595
"6162",6184.73678902112
"6163",6440.41923827765
"6164",1318.90845475747
"6165",5423.75581356272
"6166",4675.76500314876
"6167",2140.01318623178
"6168",4123.89325099415
"6169",7691.61291406956
"6170",4545.51600042928
"6171",4634.71884633607
"6172",7783.53192570724
"6173",2117.83291103953
"6174",11236.2631496255
"6175",5446.31287742383
"6176",5563.1835364619
"6177",4047.95271609846
"6178",4011.09560467442
"6179",7282.31639319292
"6180",3983.21946992492
"6181",4361.48772889643
"6182",6694.75096547813
"6183",5681.0420186313
"6184",5011.43530769338
"6185",15675.6971111646
"6186",4780.9359790759
"6187",2244.97546079371
"6188",1707.38208830904
"6189",6328.75590079982
"6190",5293.01031731826
"6191",3291.0771348147
"6192",3634.3364196014
"6193",3128.5000776879
"6194",3701.45175068639
"6195",6262.81767453731
"6196",5755.21295101487
"6197",3085.27115097037
"6198",4609.68410154362
"6199",2970.0464027038
"6200",2355.9151822509
"6201",5492.2660253658
"6202",3240.10654779762
"6203",3396.37717694213
"6204",5090.4556540139
"6205",3890.8824687287
"6206",5494.0025038654
"6207",5292.6368381473
"6208",4873.02591893368
"6209",4876.82634535374
"6210",5269.86608648201
"6211",6666.13224661059
"6212",5761.95788626524
"6213",4171.79850304651
"6214",5887.54118861514
"6215",5080.29530810681
"6216",5377.6099550724
"6217",6486.80104030325
"6218",4327.70902345562
"6219",6972.81099597469
"6220",1539.57439067762
"6221",7179.08301278728
"6222",2677.18094351265
"6223",9555.05557054683
"6224",3066.17007634742
"6225",4145.49851004506
"6226",2367.94963917026
"6227",5559.37311779172
"6228",2493.45592234953
"6229",7712.48620804865
"6230",7586.27426074527
"6231",5366.5944445667
"6232",3039.04363867175
"6233",5176.26529317989
"6234",4729.39105069166
"6235",2996.57996141457
"6236",3855.35818674043
"6237",11503.0314655119
"6238",5031.06524165592
"6239",8283.26151234296
"6240",6900.98022869154
"6241",3918.12773304939
"6242",7259.25671904755
"6243",7650.6846306877
"6244",5538.36900822504
"6245",2807.91257358802
"6246",2484.69050593954
"6247",7385.81822546141
"6248",9680.41720908514
"6249",8673.59694700164
"6250",4493.55021106685
"6251",8976.24052771303
"6252",7436.5326557465
"6253",1390.27908655477
"6254",5355.86641408264
"6255",3569.43847241509
"6256",3699.3397870445
"6257",4616.07065304101
"6258",4887.01819956937
"6259",2579.72040381102
"6260",6451.23494221736
"6261",7010.2194777375
"6262",2546.81577951874
"6263",2602.19745161879
"6264",4529.4346997742
"6265",7214.60414609517
"6266",4257.7752325515
"6267",8135.00046749623
"6268",7510.64379341592
"6269",4474.7990034126
"6270",4755.61032325827
"6271",6403.11441851634
"6272",9443.55003031733
"6273",1964.65382645157
"6274",7487.53518641874
"6275",3711.45938543248
"6276",3849.01263760804
"6277",4795.75351188192
"6278",3033.67196822882
"6279",6991.66334950348
"6280",4868.69892602862
"6281",4266.80577748461
"6282",7423.70135923952
"6283",2248.36054133961
"6284",4312.14117255225
"6285",5174.1129058181
"6286",6100.00489204359
"6287",3776.31331936218
"6288",3021.91449698614
"6289",4002.7678494553
"6290",4254.6952746124
"6291",4887.99651215138
"6292",1801.01380638697
"6293",6090.9144853758
"6294",3093.84385905787
"6295",3232.85085757141
"6296",4325.03007264331
"6297",2256.28859980765
"6298",4156.82064217731
"6299",5952.4444459143
"6300",6049.83893515414
"6301",5747.7612304205
"6302",5368.18035432004
"6303",4172.77997028409
"6304",5803.61068138271
"6305",3002.90790742595
"6306",4056.81327328971
"6307",4083.68083103222
"6308",3866.40518391284
"6309",4766.77359165228
"6310",4879.43010688189
"6311",7341.84254701261
"6312",3438.05821047974
"6313",1787.74585238361
"6314",11536.8233542081
"6315",11594.7507582366
"6316",5839.24392138957
"6317",6348.36871129158
"6318",10146.3152925848
"6319",6809.04766291607
"6320",6169.8163810253
"6321",5603.7844931109
"6322",7848.06727159204
"6323",2587.31190466078
"6324",7729.31237926777
"6325",4185.76070462423
"6326",9873.22463532223
"6327",4045.61824916338
"6328",12118.711237092
"6329",5680.30378700228
"6330",3952.50973327277
"6331",7212.37176841963
"6332",6865.87857514509
"6333",2403.71962387528
"6334",5666.81695890531
"6335",2920.05063402595
"6336",9213.88179019961
"6337",3762.78537319641
"6338",3020.48540795909
"6339",3948.04525820084
"6340",4438.40626589226
"6341",7273.79233412346
"6342",3557.77045635442
"6343",5695.35851928149
"6344",6863.64974461845
"6345",7426.14525195176
"6346",6291.02903678786
"6347",4730.8946953991
"6348",7212.32578542421
"6349",4293.61961190437
"6350",4155.46809816838
"6351",8645.52499274409
"6352",4301.87711475044
"6353",8286.36104896927
"6354",4546.42386772129
"6355",3826.71918264328
"6356",5089.18505266134
"6357",8122.09615945641
"6358",10391.8893424729
"6359",2341.67059895478
"6360",5229.04151368793
"6361",10181.292793432
"6362",5408.62401817157
"6363",3551.20700888836
"6364",7133.31069261575
"6365",9287.69490128552
"6366",5727.6926701176
"6367",4271.36511497595
"6368",1900.61761308095
"6369",3162.90114116593
"6370",3198.22317206376
"6371",9362.71088619361
"6372",3852.61232378462
"6373",4095.63671352313
"6374",3377.11272147874
"6375",6088.58285922382
"6376",10044.696216227
"6377",10168.6514120816
"6378",3975.99616043724
"6379",3002.83315572992
"6380",2839.29768094822
"6381",4524.94992307795
"6382",2856.75005087169
"6383",4433.61564365396
"6384",5470.20703119121
"6385",5442.64908587799
"6386",5104.76851322042
"6387",1250.14381716889
"6388",11250.6853819466
"6389",2030.19876224932
"6390",1785.79225168366
"6391",7021.96065381612
"6392",6468.38803633529
"6393",2931.09943893575
"6394",13283.4612920413
"6395",4191.4455744329
"6396",9896.32796793472
"6397",5461.64065619989
"6398",4469.06851237908
"6399",7940.47158518573
"6400",6517.87104877323
"6401",7168.54880222882
"6402",2979.64796725137
"6403",3441.56476901373
"6404",6487.3612866883
"6405",5811.59392288781
"6406",6862.67631362309
"6407",4931.23415738012
"6408",3815.83716528967
"6409",5112.70156828471
"6410",3583.36635153618
"6411",4542.58050221682
"6412",4333.53783201543
"6413",3122.94220627204
"6414",8536.7794532585
"6415",4758.15597967803
"6416",4463.52146146214
"6417",5934.95889334643
"6418",4365.27903673192
"6419",5173.09489270649
"6420",3881.10954842414
"6421",4005.00603605132
"6422",2051.67122582602
"6423",6401.48274635972
"6424",7889.33456827339
"6425",7749.33423057385
"6426",4590.76746023889
"6427",3527.14957579877
"6428",5300.24295449734
"6429",4223.63004849874
"6430",6266.00384169439
"6431",5729.55358099076
"6432",4667.27284971339
"6433",4965.44581695966
"6434",2414.54595729662
"6435",7438.28552743897
"6436",3026.48323613056
"6437",3591.71361501265
"6438",7432.89742026309
"6439",5530.05023437209
"6440",5297.36155134899
"6441",5760.68509624974
"6442",9511.58677462389
"6443",8402.51269422588
"6444",5784.69444398774
"6445",3272.70415273559
"6446",3193.82214797067
"6447",4109.81481463474
"6448",4220.80172156298
"6449",4306.49535229313
"6450",7336.20109873731
"6451",5062.49614414014
"6452",8074.11410007201
"6453",6237.15143465676
"6454",5581.6284380884
"6455",2934.47505911213
"6456",3522.70362834953
"6457",7096.90478699195
"6458",7130.69677047397
"6459",7096.09346870298
"6460",2471.55602699635
"6461",4703.98019529652
"6462",6094.26864022575
"6463",3268.75116361177
"6464",4656.30559062603
"6465",4636.2956205763
"6466",3371.92271287087
"6467",5284.22812114068
"6468",3942.64564782509
"6469",6086.95262835687
"6470",4813.9989643197
"6471",7238.26299709262
"6472",9354.27949626249
"6473",11102.4032226301
"6474",8700.40494519862
"6475",10586.2267697411
"6476",7796.17012654635
"6477",5155.25609454844
"6478",3273.26864230022
"6479",2981.54808681004
"6480",2686.26479735732
"6481",6548.99909846735
"6482",10321.7574670906
"6483",3806.02676545334
"6484",1695.64106237277
"6485",3813.72812244378
"6486",3374.42936199834
"6487",12910.1505642097
"6488",5100.68051740411
"6489",8258.01879596792
"6490",7503.48539272003
"6491",2246.69716073427
"6492",5291.28932984878
"6493",6233.76796027255
"6494",1764.60766282823
"6495",5718.34392431343
"6496",5350.41293399653
"6497",4799.01466013619
"6498",5676.8147019624
"6499",6283.98800538731
"6500",7897.24058238661
"6501",2601.94341731758
"6502",2298.49009185011
"6503",4276.02547853155
"6504",8479.31007230934
"6505",5050.72605822701
"6506",2747.4073774693
"6507",6019.60768381087
"6508",1889.84859107208
"6509",5613.55024306738
"6510",4772.88872528047
"6511",7411.5156165568
"6512",3009.97216658999
"6513",3449.61351874284
"6514",4689.1755649721
"6515",6667.93282050034
"6516",2311.40550327481
"6517",1777.257468822
"6518",3272.4182434628
"6519",5596.53035895136
"6520",3857.4373221001
"6521",3615.71167913283
"6522",3467.4229521628
"6523",8138.09468899388
"6524",6358.91275622183
"6525",3073.50778998586
"6526",3057.66903149401
"6527",5173.21096756094
"6528",4668.40642029711
"6529",3726.59362051263
"6530",5432.92759135412
"6531",4077.2003237977
"6532",3718.45721874025
"6533",4457.2950232263
"6534",8319.34733101679
"6535",5515.65708620398
"6536",4724.00264924753
"6537",6422.58904650039
"6538",5718.87073366693
"6539",4831.95751568413
"6540",7427.95350690087
"6541",4280.50793230324
"6542",3430.71184846904
"6543",3063.86223463633
"6544",3293.40775273892
"6545",6537.72360260942
"6546",3026.47724711412
"6547",6890.76520702778
"6548",7233.3228611704
"6549",2812.72412259178
"6550",5946.06686242484
"6551",9060.40875147143
"6552",3871.41453743086
"6553",5749.88509845897
"6554",6068.3879122003
"6555",3571.81495817506
"6556",2269.30670793867
"6557",4053.08615093393
"6558",2598.29394034331
"6559",5229.12504532211
"6560",2601.13750022813
"6561",2107.55060293799
"6562",3445.30202582019
"6563",5737.6327414345
"6564",5990.01230312791
"6565",6469.88547327276
"6566",5503.37879756116
"6567",5484.5537129789
"6568",6750.65860742086
"6569",5031.36813485582
"6570",6702.07509105332
"6571",3405.76692450885
"6572",5145.69016847864
"6573",5874.04130698554
"6574",5518.54509671632
"6575",2237.31683076196
"6576",4724.58732013695
"6577",3412.07105028589
"6578",4629.61768645351
"6579",3021.52190593199
"6580",3277.79076409736
"6581",5860.1161835416
"6582",4567.68918943446
"6583",3238.87658105342
"6584",5301.75642921426
"6585",3642.29372775357
"6586",7249.99236489768
"6587",3645.32013822539
"6588",4593.71153373155
"6589",6308.31164770894
"6590",7263.85449652036
"6591",3462.9329373535
"6592",2939.27534465946
"6593",6309.38498414215
"6594",7494.33423768642
"6595",8934.59229121462
"6596",6708.94638787233
"6597",4371.64806780894
"6598",4688.14942888892
"6599",2118.37866624055
"6600",8784.83106286882
"6601",5131.44721811905
"6602",6014.28105903912
"6603",4826.93004937953
"6604",3808.30270014779
"6605",6802.68815281702
"6606",8333.8670447995
"6607",4991.49655766663
"6608",5980.7665872639
"6609",4435.25333546405
"6610",5059.12640097982
"6611",4245.13367138366
"6612",5446.136745603
"6613",5363.58433751721
"6614",3889.49166845967
"6615",2764.97336607694
"6616",6114.37583259383
"6617",8924.52840100753
"6618",4610.54648525891
"6619",3561.50913152646
"6620",1629.86044495628
"6621",3364.91133337893
"6622",1868.49249409616
"6623",9461.32440556446
"6624",4893.14246640872
"6625",2968.53794138593
"6626",4507.50970139127
"6627",4031.11308805761
"6628",7710.68015819037
"6629",4065.94193579105
"6630",2509.62913242803
"6631",5020.5159100102
"6632",4585.6236776351
"6633",4236.08255921438
"6634",2936.96215085767
"6635",5694.80272502801
"6636",1218.72474334406
"6637",6066.85524980235
"6638",2096.54981006228
"6639",5384.84527628758
"6640",4456.93029143597
"6641",7543.18544186797
"6642",4407.11928045982
"6643",8184.95065894019
"6644",5935.93176701263
"6645",6364.33559566003
"6646",3858.6332871067
"6647",7221.08548729785
"6648",3717.07785564824
"6649",2097.33614892291
"6650",7225.09699493076
"6651",4325.79914749536
"6652",12925.9407147884
"6653",2772.17706731544
"6654",3658.5474455065
"6655",5030.84105301579
"6656",5247.08219987876
"6657",2797.31466179312
"6658",4283.11075269821
"6659",6640.05226613494
"6660",4722.18490652193
"6661",4489.88854412752
"6662",7181.35148490424
"6663",9042.09351962985
"6664",3738.04222666426
"6665",6955.82092585106
"6666",5186.72834347264
"6667",5264.30371277989
"6668",4019.10622724949
"6669",4714.78578832926
"6670",1491.90134526615
"6671",5529.17698296614
"6672",5650.65622935165
"6673",2672.62195103354
"6674",2695.67231887567
"6675",4760.89085882646
"6676",7295.38878790557
"6677",2663.5125519635
"6678",9360.28287489573
"6679",3117.50886257278
"6680",2601.55737275392
"6681",4783.41102414118
"6682",4537.16476560163
"6683",4911.87253982842
"6684",7801.65261224465
"6685",8976.73204823607
"6686",1489.70747865585
"6687",3307.89471833961
"6688",5995.40594242245
"6689",3526.33661221969
"6690",2669.71325685253
"6691",3433.92070050765
"6692",4940.64757450059
"6693",4802.65071899124
"6694",5135.74212551647
"6695",5095.33133220766
"6696",4570.18011861248
"6697",3130.28245724074
"6698",3018.52055066905
"6699",5425.48372846632
"6700",7247.17371825804
"6701",5353.15122952417
"6702",7860.54399996018
"6703",4379.39398239506
"6704",1267.51177678892
"6705",3237.29403932736
"6706",4120.98633818963
"6707",6632.13388541323
"6708",4410.01841214503
"6709",7424.99968165596
"6710",2039.86698369856
"6711",7262.51591050625
"6712",8243.95287164859
"6713",4382.46376912115
"6714",11854.5473859791
"6715",5610.45062624116
"6716",10311.3942651793
"6717",6718.39292897511
"6718",11838.4597094012
"6719",4369.2718143863
"6720",2233.20931746328
"6721",5014.9285475887
"6722",2081.56921242544
"6723",3839.45190845273
"6724",2152.63493680814
"6725",8131.90579428768
"6726",5995.0517383056
"6727",2256.21416670276
"6728",5908.11220004229
"6729",14962.5122980869
"6730",5076.99935321178
"6731",4921.56786612381
"6732",5003.20882449008
"6733",7607.33301275241
"6734",8861.46504074009
"6735",6596.45299180347
"6736",4517.09092012153
"6737",4922.19860667887
"6738",8746.90385761065
"6739",2608.52662256442
"6740",4327.33909974789
"6741",7714.85702695418
"6742",6310.01437478105
"6743",3718.68181332119
"6744",5833.56089536689
"6745",5109.64275061741
"6746",6295.15950204228
"6747",3338.62275516713
"6748",4268.24947720324
"6749",5666.24999184365
"6750",3575.59429833863
"6751",5585.08583568537
"6752",6340.69754398393
"6753",10779.6335728686
"6754",4703.17502387258
"6755",6280.2171130745
"6756",5214.80065223272
"6757",9397.02818960208
"6758",3175.04529741697
"6759",2694.81655203266
"6760",6960.63708465447
"6761",7145.46430245077
"6762",10551.4008478705
"6763",4096.49460098078
"6764",8268.97559173004
"6765",7550.1558797363
"6766",2820.58447359892
"6767",3251.69207481708
"6768",1750.35018116323
"6769",6400.87517070951
"6770",2506.8965959528
"6771",8079.41875471629
"6772",7626.29632000404
"6773",3948.80506262608
"6774",5405.48894340568
"6775",3784.27415077185
"6776",3568.49689625937
"6777",8032.32629511534
"6778",4715.61093727738
"6779",6063.23259753105
"6780",5408.80363011104
"6781",6763.84465100168
"6782",6044.31122813636
"6783",6192.72697598126
"6784",3143.47929885035
"6785",6010.37933150434
"6786",8244.88166050689
"6787",8250.3759677519
"6788",6695.85648569767
"6789",3090.39184318954
"6790",5276.64778375905
"6791",6485.07246001036
"6792",3584.07753913233
"6793",4030.67878362461
"6794",13679.5354580274
"6795",9035.81050176889
"6796",3988.65041195031
"6797",5298.50697415584
"6798",5056.85617009853
"6799",7318.8721539352
"6800",5678.71803341492
"6801",3685.82633857051
"6802",6966.24204090738
"6803",6989.62156522431
"6804",3382.67152059637
"6805",12869.8028042513
"6806",6224.58068942034
"6807",3274.84041148133
"6808",4619.93836523342
"6809",4364.49986737792
"6810",3239.94758568099
"6811",3352.75493874279
"6812",5259.77559003438
"6813",4756.83504799567
"6814",6129.85876568052
"6815",4066.6931605346
"6816",5176.79267638433
"6817",1743.97870661318
"6818",5734.14184228278
"6819",2586.3618184345
"6820",3669.30666088854
"6821",5803.28808825411
"6822",4117.74519099877
"6823",3279.24349098239
"6824",5264.06114253763
"6825",4497.23208722431
"6826",3570.62176832301
"6827",4355.66323799401
"6828",5698.41358258377
"6829",3246.79115926666
"6830",8122.609532036
"6831",7328.99956013227
"6832",4553.02605709783
"6833",5820.10053974163
"6834",2898.80337979877
"6835",1232.92943866231
"6836",4404.58387689956
"6837",6676.06684281467
"6838",4415.02715145785
"6839",4909.85236020148
"6840",6383.98023151828
"6841",6087.13432257599
"6842",7933.47359773074
"6843",4763.77062456391
"6844",1148.33005495451
"6845",5062.73109142325
"6846",10682.4011525068
"6847",5590.33945670922
"6848",4191.75254927838
"6849",4108.87416906731
"6850",3668.17058901273
"6851",8847.26856645924
"6852",3972.73815974384
"6853",5723.17665011634
"6854",5979.51358094974
"6855",3059.5949281996
"6856",6587.29837009817
"6857",2357.34006749204
"6858",4261.40712182497
"6859",5317.32564368058
"6860",6397.73742039141
"6861",3836.23284019652
"6862",4948.3002485297
"6863",7985.95417655236
"6864",8577.02503690851
"6865",4749.83639457775
"6866",6691.4232407384
"6867",8682.04325404565
"6868",8882.27304449159
"6869",5066.35888202302
"6870",5032.2153286775
"6871",11499.5814197822
"6872",3640.70747263014
"6873",5149.27664016432
"6874",8174.56207850121
"6875",3811.92555143271
"6876",3667.5780245667
"6877",5257.32930058014
"6878",2497.00070011389
"6879",4246.55593402614
"6880",6428.6354556788
"6881",3790.13063423045
"6882",6683.78885248193
"6883",4673.50995777518
"6884",8606.5519228747
"6885",7987.39659301552
"6886",5765.7820369149
"6887",7182.63711001043
"6888",8038.42846632574
"6889",4390.43644414371
"6890",3009.91934504028
"6891",6346.17880940146
"6892",3481.87521067605
"6893",4280.83567407558
"6894",7695.08848695701
"6895",3976.38430939353
"6896",8735.77859340375
"6897",3258.66620259761
"6898",7359.41597314179
"6899",4237.35944730922
"6900",8384.39243186952
"6901",6601.58436257835
"6902",7314.96770970029
"6903",10157.9639887209
"6904",4399.41419695644
"6905",4101.62110821245
"6906",4987.21555515024
"6907",1335.10663589026
"6908",10893.3785180498
"6909",4880.1666797683
"6910",1607.28854223795
"6911",7892.25461622456
"6912",2290.26600851031
"6913",6609.9164173131
"6914",4124.26690682716
"6915",3737.85506606568
"6916",4583.42305854126
"6917",3217.20670143748
"6918",4293.79643224663
"6919",2817.19526348641
"6920",4638.36122029478
"6921",2271.25861047662
"6922",9208.02345117112
"6923",5482.26320002106
"6924",10504.5278860222
"6925",3945.07066793944
"6926",5164.89890044346
"6927",7369.32010790968
"6928",5217.91821700294
"6929",3059.15387187008
"6930",5453.7183229893
"6931",5569.2230069128
"6932",5918.59722983727
"6933",7509.0146890977
"6934",3035.58187523839
"6935",4193.51336884213
"6936",2360.51198187913
"6937",2487.10413828696
"6938",5316.00706602394
"6939",1210.14047667291
"6940",4909.91177762405
"6941",5874.14804314077
"6942",5863.06668880477
"6943",3548.14855400025
"6944",4905.17320287053
"6945",10362.2812958152
"6946",5950.8829054652
"6947",3134.72240153473
"6948",5954.21330323938
"6949",4943.6890602379
"6950",3900.18762252893
"6951",2963.55627228838
"6952",7961.32690813357
"6953",4460.38348672056
"6954",2460.82185471832
"6955",4465.64489190816
"6956",3290.43027161027
"6957",7695.63012540655
"6958",6760.05943532148
"6959",4814.62695231865
"6960",5682.17589189584
"6961",8605.89021849941
"6962",2165.61602317012
"6963",7186.9376048806
"6964",6039.91589027288
"6965",5449.54148895654
"6966",6486.33060443104
"6967",3771.49817680923
"6968",13155.1405102822
"6969",3984.59621768689
"6970",4765.45617432887
"6971",4305.59304226178
"6972",4049.17904714169
"6973",2696.23208589875
"6974",7559.23774631496
"6975",5718.80699635041
"6976",6846.12543109059
"6977",7332.15511234867
"6978",3606.27253272769
"6979",8522.00518387428
"6980",3107.15996308532
"6981",4378.14640159887
"6982",5870.57858051837
"6983",7580.00440013211
"6984",7296.44694319298
"6985",4808.63371848088
"6986",6365.2277498474
"6987",4558.80685399345
"6988",2303.16835859016
"6989",3699.18878704496
"6990",2430.97674033412
"6991",7537.5872017956
"6992",3365.07016135729
"6993",7299.83949274983
"6994",5451.69684029446
"6995",4458.38559753908
"6996",3678.71059295867
"6997",5684.08649146376
"6998",8097.2915625993
"6999",3604.56757451227
"7000",4733.20394827117
"7001",3331.28712986497
"7002",5792.92142204137
"7003",2473.34670795221
"7004",4133.24930080352
"7005",2370.30518151802
"7006",6116.13599110447
"7007",4990.2932565877
"7008",6934.47538556828
"7009",5399.46976632142
"7010",3135.63559805724
"7011",5832.5401888148
"7012",3153.41933471803
"7013",6930.55523839727
"7014",3478.90072176815
"7015",3651.13736371411
"7016",10497.7222314266
"7017",2724.50234347023
"7018",3626.6203675585
"7019",2223.16173288412
"7020",2362.70828898792
"7021",7935.70648130763
"7022",5240.31156514643
"7023",6889.20081041392
"7024",3468.8201169672
"7025",5277.68574709253
"7026",3622.47437618778
"7027",5084.47804549331
"7028",10376.6464136777
"7029",4216.83992335439
"7030",3386.64471063524
"7031",2537.48590466613
"7032",6341.08565542818
"7033",7775.93937172391
"7034",5058.58737886278
"7035",6415.82402716624
"7036",3056.37792916468
"7037",4545.7231031644
"7038",4120.7181377068
"7039",10612.8435055816
"7040",5340.33967977698
"7041",3631.75674446812
"7042",3520.66879608855
"7043",6972.78918158205
"7044",7084.18765619863
"7045",3432.07953387807
"7046",8058.03382608679
"7047",6366.18323754938
"7048",2890.65574666543
"7049",3463.86688784277
"7050",6824.24563134694
"7051",3910.74268403737
"7052",2869.23216020118
"7053",3520.91227389651
"7054",6847.61881999898
"7055",4204.80029315903
"7056",3477.53293630399
"7057",4051.93414263264
"7058",3918.95328912529
"7059",8762.48728900281
"7060",1368.72122527164
"7061",3801.72476694779
"7062",7903.28850093519
"7063",9014.41369687463
"7064",4356.96830462909
"7065",3182.51162826392
"7066",6654.04135681398
"7067",5664.27870344277
"7068",2202.84262712323
"7069",5833.73859950068
"7070",8003.84655189689
"7071",5787.26525100367
"7072",5657.75715083478
"7073",6510.30304367392
"7074",5410.91097293573
"7075",5652.27980067389
"7076",9786.46029500442
"7077",5648.81867758126
"7078",13216.0458707033
"7079",2987.67248145177
"7080",5274.04007112619
"7081",732.934033879254
"7082",2542.90317316737
"7083",783.094789797207
"7084",3753.15899650165
"7085",3822.22385508183
"7086",6644.55435039802
"7087",6259.88979731622
"7088",7409.28575867059
"7089",4437.79967114073
"7090",5514.40308132098
"7091",3062.59121955273
"7092",3805.37608615158
"7093",8218.51963247824
"7094",5574.76270952384
"7095",6156.00706275285
"7096",7796.15311403613
"7097",5784.97570905747
"7098",4107.56330923067
"7099",8574.78928690596
"7100",6712.96219748189
"7101",7581.72210624255
"7102",1248.71073296736
"7103",3137.4300664998
"7104",8312.32692320133
"7105",3295.22861830407
"7106",4625.84309216414
"7107",3707.54611420544
"7108",5815.21891906142
"7109",6484.23377186945
"7110",7569.81791041145
"7111",3717.82585606514
"7112",3958.38321059919
"7113",3237.02225569793
"7114",6141.81098618062
"7115",4305.24441335042
"7116",4167.1168340476
"7117",4030.96180233464
"7118",4328.44675950421
"7119",3192.01785187155
"7120",5140.16493829613
"7121",6847.8140046777
"7122",7168.80866923073
"7123",4718.3173002309
"7124",8320.85285262158
"7125",3333.69864903006
"7126",2980.44937078422
"7127",4709.46299393883
"7128",9019.09953499853
"7129",4946.59635146282
"7130",3431.42278520711
"7131",6491.92935326672
"7132",4213.18961402983
"7133",9915.00264131912
"7134",5784.15775446949
"7135",4127.24549374718
"7136",1652.8374696984
"7137",8990.26343456976
"7138",5709.26912972191
"7139",4351.79492183961
"7140",5056.60677410063
"7141",4453.25809809653
"7142",4343.82402505371
"7143",9269.90729752375
"7144",3742.37431524624
"7145",2524.74822493677
"7146",4353.79977783037
"7147",6279.46672535955
"7148",7833.66439636372
"7149",9374.23508835922
"7150",2866.40038344992
"7151",2878.70528089296
"7152",7490.14788065589
"7153",6668.43517472653
"7154",5074.02626902808
"7155",4336.73459040013
"7156",3114.01516068471
"7157",10321.3392519177
"7158",5823.674865023
"7159",8118.10379502916
"7160",7728.73753452743
"7161",3383.12469314341
"7162",7155.96272595483
"7163",7624.73052024259
"7164",6884.9959188865
"7165",4764.53928696149
"7166",5215.57521314395
"7167",4777.54700032377
"7168",6426.68215985392
"7169",5953.82851331355
"7170",8710.91651506268
"7171",4392.34913042642
"7172",4085.37971945771
"7173",7068.22878999234
"7174",7312.33895535691
"7175",2586.53464697563
"7176",7497.23372157564
"7177",4363.50388068927
"7178",5607.31667435175
"7179",8596.52437529073
"7180",3115.69811286946
"7181",4723.77276825754
"7182",6654.95476557227
"7183",2457.96268637682
"7184",3658.13399719907
"7185",2970.37131968839
"7186",7262.9915994734
"7187",2480.92727106583
"7188",3695.58059502929
"7189",1215.46705100796
"7190",6626.1638149771
"7191",3020.15109970258
"7192",5516.33558980317
"7193",3618.84177194047
"7194",5528.74974374787
"7195",2059.47382163111
"7196",4660.40415121173
"7197",3629.34999463573
"7198",4337.77088167099
"7199",4038.88077986205
"7200",10850.9715159824
"7201",7421.07684271404
"7202",4521.31030220719
"7203",3668.04156478867
"7204",5193.86590374867
"7205",3013.30801662407
"7206",5202.63490795624
"7207",5356.41572245612
"7208",2767.50294583128
"7209",13212.5493919152
"7210",6761.78042477713
"7211",4873.17351663928
"7212",3653.54121328128
"7213",3840.39384144213
"7214",7492.33287090732
"7215",7129.88542641338
"7216",6595.84175208857
"7217",10871.1807411006
"7218",3986.49955638102
"7219",6814.88193487492
"7220",1998.78036990209
"7221",9659.15482114843
"7222",6579.76969868859
"7223",6234.76691644837
"7224",2199.56372849212
"7225",2492.55151281145
"7226",5659.36369805108
"7227",9514.66503087286
"7228",2028.44598070387
"7229",5267.17536830262
"7230",4967.07033344195
"7231",9932.00111263647
"7232",7105.73408221564
"7233",4019.53909550101
"7234",3904.11759819352
"7235",3772.66439375107
"7236",6782.52162542817
"7237",1911.18920169427
"7238",4553.60021631868
"7239",6230.652886522
"7240",7352.7882575671
"7241",9753.83942192618
"7242",3504.47251963348
"7243",7901.56581196492
"7244",9548.64423692483
"7245",6511.06394631427
"7246",5862.93797067052
"7247",4311.07275834581
"7248",3748.77027465811
"7249",3634.43738180865
"7250",6571.25168674492
"7251",1358.22377405938
"7252",6292.34128188272
"7253",2684.06408924627
"7254",9581.38528540602
"7255",7750.68917571945
"7256",7062.89205083571
"7257",2175.50303449732
"7258",8107.36705864192
"7259",4819.92805953731
"7260",4408.20833865873
"7261",7286.26055890106
"7262",1771.04902104376
"7263",6803.89718607551
"7264",7652.13147426827
"7265",2788.95821288874
"7266",3816.91845461226
"7267",3442.76150914724
"7268",2766.30987070315
"7269",8316.96123009874
"7270",3976.93221093412
"7271",5943.3372821816
"7272",7160.60181971814
"7273",3996.20373711182
"7274",4420.72057719016
"7275",2258.80101896368
"7276",6546.73734112515
"7277",3651.67226079619
"7278",1799.81516468251
"7279",7462.84986046102
"7280",2380.83084573393
"7281",2959.66638845275
"7282",8603.73717007868
"7283",3768.29003143497
"7284",1894.24854931713
"7285",8166.46278454352
"7286",2922.11486444337
"7287",5060.18676585931
"7288",8895.98132436379
"7289",3242.66104319057
"7290",4843.92685305164
"7291",7154.06894556759
"7292",2523.56428586895
"7293",9245.48780451971
"7294",5005.56375063339
"7295",3701.67383303057
"7296",7774.58715287049
"7297",5221.9010598688
"7298",2183.07909328718
"7299",5945.15735439392
"7300",7228.38657530257
"7301",2623.91072751308
"7302",1283.78064480377
"7303",3447.72639053204
"7304",7453.48406445858
"7305",3514.52791365562
"7306",3636.02423017775
"7307",7461.07040407788
"7308",2081.12004650291
"7309",6914.73662890098
"7310",4703.06498586468
"7311",5317.59022817406
"7312",5012.86979946634
"7313",6289.49507485889
"7314",7686.92191668565
"7315",3819.16202914459
"7316",5993.01986144797
"7317",6862.34076058149
"7318",5580.65544530126
"7319",4993.42751952866
"7320",4251.53760127281
"7321",4084.40070788556
"7322",4630.92759365187
"7323",3021.24666927825
"7324",5136.77166791144
"7325",5365.62522311445
"7326",3143.13634599803
"7327",3954.05714278552
"7328",7350.13293790928
"7329",8187.04501353874
"7330",2707.93930834025
"7331",5880.23071862245
"7332",4848.24542191281
"7333",6052.8012556156
"7334",5962.34996412892
"7335",7908.48720811639
"7336",5331.9606140299
"7337",8393.0436884021
"7338",11198.4882386888
"7339",6659.32679330272
"7340",3730.81149728678
"7341",7004.36948559998
"7342",3638.29022165074
"7343",2947.24537296261
"7344",7248.06213023607
"7345",3078.13241836941
"7346",5619.92526110879
"7347",2197.86187979183
"7348",6260.24902081565
"7349",4685.95133569383
"7350",5726.96060760209
"7351",8854.95357112616
"7352",3203.26880270394
"7353",7760.01399096719
"7354",4991.17339106795
"7355",3637.83552858786
"7356",7232.6094548321
"7357",4700.27665186569
"7358",3894.38553710293
"7359",3904.51936235087
"7360",5376.22511997493
"7361",5274.23633706081
"7362",5360.75945327105
"7363",7470.62852958107
"7364",6797.37244724197
"7365",4445.12607092079
"7366",2419.95874411624
"7367",3813.70603572001
"7368",7229.24103195861
"7369",5560.41233875393
"7370",3985.06400368869
"7371",6052.1667748731
"7372",6754.46220731101
"7373",401.204825897061
"7374",7862.85830997973
"7375",11239.6501688609
"7376",4590.32583913923
"7377",7928.22340382828
"7378",3167.62311543274
"7379",2236.47158878512
"7380",5982.49395101768
"7381",4259.5290656393
"7382",5073.01217285707
"7383",5894.66765918816
"7384",2446.47037285258
"7385",5627.15478004364
"7386",6186.67900714325
"7387",5566.63339314127
"7388",2241.99187658384
"7389",6416.47151861183
"7390",4323.61740033922
"7391",7565.3969444856
"7392",7622.19856347871
"7393",5547.43956122338
"7394",7152.94151678815
"7395",5671.69610608643
"7396",13892.8325169545
"7397",10900.3622438646
"7398",5535.87149601069
"7399",6004.20783838141
"7400",6295.79326483433
"7401",3693.84591141483
"7402",2350.88341935497
"7403",2685.44911101396
"7404",9549.36200771842
"7405",10689.2119051412
"7406",5668.49323861476
"7407",5004.79300841346
"7408",7603.95519451878
"7409",3903.2662773162
"7410",4709.22966700105
"7411",1484.06052194367
"7412",6052.72182204993
"7413",5807.91278216481
"7414",5392.03853155638
"7415",7070.93519871426
"7416",3989.30783286685
"7417",2680.98694872193
"7418",3001.53085594904
"7419",6096.35824086017
"7420",6548.57881781115
"7421",2392.20383383508
"7422",4162.66451507097
"7423",6884.81831758627
"7424",6134.24909005885
"7425",3631.35784812603
"7426",3369.03479136532
"7427",5220.77811892214
"7428",6480.32103430422
"7429",3451.240658656
"7430",6394.03974161163
"7431",3894.97046119906
"7432",4224.79460853874
"7433",8127.54831298161
"7434",4620.64457958948
"7435",9952.4108869005
"7436",4016.5114995183
"7437",6090.53979150584
"7438",8755.09313141869
"7439",4406.69061835442
"7440",7112.05200104608
"7441",5821.9912216888
"7442",6676.95294293878
"7443",7617.86552245467
"7444",3364.75772709318
"7445",3215.54831592826
"7446",7968.56422779412
"7447",6578.09567891934
"7448",6352.6350577866
"7449",5039.74191391713
"7450",6032.67417545727
"7451",2085.05483929045
"7452",9091.70219599118
"7453",6264.45775931375
"7454",5838.18912489968
"7455",9514.98602280836
"7456",4996.02656383562
"7457",1761.52238027763
"7458",2859.6081279827
"7459",3043.85870592546
"7460",7212.80539030535
"7461",5329.98105104832
"7462",4921.94698688155
"7463",7045.88445292896
"7464",6845.33434098575
"7465",2060.68212066335
"7466",5599.01338355843
"7467",9960.25901645195
"7468",10201.3398228987
"7469",3021.26383008831
"7470",6211.12508039648
"7471",2571.84964950022
"7472",5353.23339713155
"7473",4548.73558232194
"7474",5622.72431136202
"7475",3782.92172933434
"7476",5285.70175238739
"7477",2938.77682075062
"7478",3643.91696376645
"7479",3059.31822925003
"7480",4402.62345301674
"7481",428.752912618977
"7482",4202.2979898139
"7483",4121.909570624
"7484",3312.53225919505
"7485",3144.23237824772
"7486",5941.50840529264
"7487",3972.2456350539
"7488",6623.08646398759
"7489",6038.9373812899
"7490",2621.59674893139
"7491",5233.29917732935
"7492",3505.9455958613
"7493",8272.84413900709
"7494",9868.75024832797
"7495",3411.30415472726
"7496",6332.98575227818
"7497",3957.94020945532
"7498",6551.79482683243
"7499",1661.54945390474
"7500",9882.04310253478
"7501",3895.45910749392
"7502",4014.88556636369
"7503",5923.672142733
"7504",2870.60831616685
"7505",5581.65195239987
"7506",6601.95536171261
"7507",4100.70065215509
"7508",2814.04214836773
"7509",5067.90141971788
"7510",6436.76981962787
"7511",5324.80015463667
"7512",6212.21148119785
"7513",6475.47341050341
"7514",9271.12664822064
"7515",4290.6010123312
"7516",2935.40742927499
"7517",3880.42167540523
"7518",4280.94517844589
"7519",11056.9743597602
"7520",3144.98931560526
"7521",5232.52749567502
"7522",3676.13408563443
"7523",11386.4689845898
"7524",5181.18612285535
"7525",5401.54989534058
"7526",6593.83694958291
"7527",9759.35407861695
"7528",4576.64506495453
"7529",4118.04003668478
"7530",7367.58753225557
"7531",6364.34996467258
"7532",5734.07375912549
"7533",6137.8576907299
"7534",5575.67028736084
"7535",6592.18159651547
"7536",7390.84281904256
"7537",3893.46532707004
"7538",3843.93328036607
"7539",2584.01212498592
"7540",6669.16001677926
"7541",5411.47725811129
"7542",4134.41203991103
"7543",3940.79278885806
"7544",3708.91952527838
"7545",6987.9912887215
"7546",4782.81252686027
"7547",2453.43918504193
"7548",3127.94522916875
"7549",6610.64909729233
"7550",5881.67166355421
"7551",5396.9405500319
"7552",2897.23086765461
"7553",5135.35919064179
"7554",9706.0631549735
"7555",3847.31583434163
"7556",7191.10051683796
"7557",2704.88573561818
"7558",4845.77665341942
"7559",5036.65872516634
"7560",2231.93411268201
"7561",1347.28750674776
"7562",5680.51112755551
"7563",2126.17692332447
"7564",7747.31239474664
"7565",4109.99901852518
"7566",3393.661405686
"7567",4200.90142982017
"7568",3498.10834448354
"7569",7966.89221874211
"7570",4253.5414894165
"7571",2990.99315573717
"7572",5907.27409055526
"7573",3562.77601046796
"7574",10377.8774783858
"7575",4211.28172936977
"7576",2628.22480190318
"7577",2655.00290249835
"7578",1841.57435993518
"7579",6654.04679178301
"7580",10192.7521496572
"7581",6098.95692402701
"7582",8279.99917380983
"7583",10646.4621421871
"7584",9902.06876055658
"7585",2458.95004897227
"7586",5342.86595642229
"7587",5051.36886257521
"7588",8831.90338441014
"7589",6214.84152796998
"7590",6937.12493729452
"7591",6322.73768298066
"7592",6455.62620824494
"7593",6246.04816883116
"7594",5485.29034351598
"7595",3084.15592707804
"7596",6723.1579369891
"7597",6490.52374478156
"7598",8417.9203993908
"7599",4773.92368869367
"7600",7406.98130395409
"7601",8182.3847866435
"7602",3623.39816739445
"7603",5411.73646779428
"7604",5154.18217161752
"7605",950.468835351639
"7606",3170.91754100798
"7607",1109.38362820708
"7608",1839.10012587224
"7609",6051.09146577434
"7610",1937.51741660945
"7611",5837.3399189841
"7612",2753.2328001376
"7613",1853.44166210957
"7614",6131.88908984605
"7615",2516.80915558938
"7616",2867.06923291367
"7617",5697.43485696125
"7618",4873.45733340102
"7619",6901.47427355009
"7620",2090.92067223688
"7621",5171.19756430184
"7622",3183.80159210763
"7623",4438.8712972803
"7624",9220.91489906958
"7625",2651.902616582
"7626",7662.02287949144
"7627",6217.26126985776
"7628",3534.14592167438
"7629",3024.96616563539
"7630",4346.61734494602
"7631",5738.61135837098
"7632",5957.9021064518
"7633",3750.31163411314
"7634",4564.58993100846
"7635",5998.76764956833
"7636",5227.41137594444
"7637",7789.62957011908
"7638",7392.56104577752
"7639",6061.43455269589
"7640",4586.51249522646
"7641",2655.80322462716
"7642",9191.20391676505
"7643",10151.8373568231
"7644",4633.41272416967
"7645",3918.15229113359
"7646",5546.51154709101
"7647",4860.06375501875
"7648",8478.60366639501
"7649",10294.6625693297
"7650",4664.94137051317
"7651",7162.30235287442
"7652",6357.36316605459
"7653",3559.05832684063
"7654",6046.02012163505
"7655",2957.72570895246
"7656",3478.45178660093
"7657",9654.83663896692
"7658",4507.07444654003
"7659",5382.24951954087
"7660",6193.31863853417
"7661",2925.01784909528
"7662",7948.36436556402
"7663",2685.92957872385
"7664",2818.38678668503
"7665",2565.28285064176
"7666",2247.82628647488
"7667",3736.88641821587
"7668",4618.0851922353
"7669",3403.92795176152
"7670",6444.72090197564
"7671",9842.3891910541
"7672",3071.40441979253
"7673",5499.66248112707
"7674",5790.42441166827
"7675",6736.81547427864
"7676",6604.44182448491
"7677",3185.53184735565
"7678",3764.67779999814
"7679",8507.61277555785
"7680",3084.23019964097
"7681",3228.15500018117
"7682",1985.55907750479
"7683",5302.02594013605
"7684",8257.12948498293
"7685",9740.31395064626
"7686",10073.769635103
"7687",2982.74991297629
"7688",2780.90349010669
"7689",8564.68331044138
"7690",1776.98879106384
"7691",7897.26268643624
"7692",3947.63319418824
"7693",5705.85972849908
"7694",5311.40168958495
"7695",6477.01452257484
"7696",3786.5547576588
"7697",5084.77755391755
"7698",6576.75298818102
"7699",4392.25451334356
"7700",3529.6086607537
"7701",5211.5599323482
"7702",8820.47605974035
"7703",6226.16884739074
"7704",8074.85089060315
"7705",9841.90988424153
"7706",3882.69419076887
"7707",4014.03621531365
"7708",6470.66000386246
"7709",8550.13182919362
"7710",6401.79410153301
"7711",6266.80840963084
"7712",5116.83022815129
"7713",8566.46940919803
"7714",5804.66556101991
"7715",4373.8747581839
"7716",8385.12918790209
"7717",6896.37036023749
"7718",4846.44916723884
"7719",5114.37250406621
"7720",4890.79797587014
"7721",4970.45358333818
"7722",6865.88182294043
"7723",4773.4975640882
"7724",6368.81131749408
"7725",7179.57258120569
"7726",5347.56724817265
"7727",1541.24092944793
"7728",3392.98823046772
"7729",3871.21283286432
"7730",4569.3911018155
"7731",6401.24128325493
"7732",6356.58267647424
"7733",6396.74539500783
"7734",5832.17334182718
"7735",4537.07703639427
"7736",3407.21208607609
"7737",3794.70354992087
"7738",4316.65930815763
"7739",6254.72249826597
"7740",7582.91664916725
"7741",5936.92251842626
"7742",3470.6017985401
"7743",1838.2435854419
"7744",5339.28799578839
"7745",8210.71561745717
"7746",3348.4875112038
"7747",7561.28896268201
"7748",5556.89226558933
"7749",4775.24590532097
"7750",3596.07035522285
"7751",4444.1841144833
"7752",7981.3975841052
"7753",4083.64785931655
"7754",5732.49973308417
"7755",2567.06103934092
"7756",7242.31668364193
"7757",5303.57723497757
"7758",4711.98021859879
"7759",4818.74724660139
"7760",3041.65462639031
"7761",3124.62942226185
"7762",9995.27276839264
"7763",2675.48552827648
"7764",5573.50850709074
"7765",2205.67329586454
"7766",2719.42208864278
"7767",3473.5073630652
"7768",6149.13488592842
"7769",8666.03866003931
"7770",4977.207405489
"7771",750.488136490516
"7772",3382.44008024049
"7773",6574.88897823443
"7774",2639.70144588506
"7775",14100.77325287
"7776",6572.07550781657
"7777",3128.50897742267
"7778",6775.00886090798
"7779",4152.65508492413
"7780",2339.7000835762
"7781",3249.08527694608
"7782",5457.33059543237
"7783",4793.73707950453
"7784",2611.1008073382
"7785",4473.48831764341
"7786",5412.01368305093
"7787",5594.11527706205
"7788",5097.16639796965
"7789",2871.90540653857
"7790",7936.22684328951
"7791",9130.06725786219
"7792",4637.83121767925
"7793",2956.77604883909
"7794",5282.80972733954
"7795",9209.4774722103
"7796",3804.8013246028
"7797",4540.06475663179
"7798",4720.48529854219
"7799",9433.10012460034
"7800",3185.50119929301
"7801",7027.23643959145
"7802",3429.49528492213
"7803",6793.53168667894
"7804",7665.63370526693
"7805",3596.43548104865
"7806",5067.98249417735
"7807",10112.4853823101
"7808",7289.98440955044
"7809",2648.20081540034
"7810",2992.06856812531
"7811",3118.4802274878
"7812",6496.78392506042
"7813",4010.81489445479
"7814",4918.01801998902
"7815",10875.7999489807
"7816",5108.86517197546
"7817",4564.51805066026
"7818",6258.92165289348
"7819",7230.8319110524
"7820",7562.58102573518
"7821",5139.7482168299
"7822",10765.6766481805
"7823",5324.32946939941
"7824",4205.18886722496
"7825",5684.34078030119
"7826",529.048477191885
"7827",2836.69679572957
"7828",6529.39468181127
"7829",3304.12930826558
"7830",4509.99946969788
"7831",3446.71256693313
"7832",4819.71353959525
"7833",3597.93380550621
"7834",7945.31372846797
"7835",8210.19033512438
"7836",5748.03799672431
"7837",2525.24468406971
"7838",5876.43056551594
"7839",4485.23441868776
"7840",2342.30484081851
"7841",5870.46981058613
"7842",4707.11371598998
"7843",4552.20614439738
"7844",4563.10293198936
"7845",5195.61625702103
"7846",6404.84307833971
"7847",4387.48662115523
"7848",5790.95412724919
"7849",5772.86864500836
"7850",2599.07171043468
"7851",3908.27823797351
"7852",5936.19870681688
"7853",2945.53086472402
"7854",2361.30880998919
"7855",3198.51739382563
"7856",4550.45339553553
"7857",4629.5858361909
"7858",8212.34341965156
"7859",4146.66156654735
"7860",2796.26684952993
"7861",10568.8968390363
"7862",5357.39900157106
"7863",2438.22726114152
"7864",5169.70939381822
"7865",4992.16057768784
"7866",4216.93286081753
"7867",1444.8443115566
"7868",9200.20057424466
"7869",6088.55463086069
"7870",4177.74151786772
"7871",5243.79326270631
"7872",4483.44638742181
"7873",970.419352254481
"7874",3482.98411857837
"7875",7654.06125868042
"7876",7207.58868157503
"7877",6358.54742281989
"7878",4274.72164748545
"7879",2195.75354788685
"7880",5146.15062961937
"7881",4734.8276319803
"7882",2020.43743724632
"7883",6974.92311270529
"7884",6592.53360096301
"7885",5151.22888234491
"7886",5786.20159747149
"7887",7488.21879378118
"7888",7638.56768387317
"7889",3794.93315299554
"7890",6196.42040407838
"7891",2815.30014030199
"7892",4521.37391695689
"7893",3078.32657183101
"7894",2532.11917299725
"7895",8315.44471708569
"7896",12458.3102245706
"7897",8340.96284125518
"7898",3260.23795789626
"7899",5242.15658045065
"7900",3091.90077528852
"7901",2644.23390410497
"7902",6662.56529064447
"7903",3611.41917027574
"7904",3337.69192647911
"7905",3584.58300241921
"7906",2664.19671740668
"7907",7655.05931805784
"7908",6105.99687621702
"7909",5068.92985227605
"7910",6286.8135169344
"7911",5839.82143291447
"7912",9207.57287515246
"7913",3230.34603933967
"7914",7753.87278665905
"7915",3783.51458337996
"7916",5354.95502621861
"7917",4465.83751579205
"7918",4599.85982375703
"7919",2702.83961361629
"7920",7329.82512390421
"7921",5040.75772674161
"7922",3304.18824395386
"7923",8325.33187838621
"7924",9086.24004359997
"7925",3060.28440509463
"7926",4571.9902497608
"7927",5760.09883503371
"7928",3965.67994683795
"7929",9243.70102879714
"7930",3052.8505273484
"7931",4893.96009551652
"7932",2357.69778329012
"7933",4107.40856853558
"7934",1529.24297525414
"7935",11533.8530029974
"7936",5416.2488809335
"7937",7687.87400940433
"7938",2633.69281596772
"7939",6890.81946780562
"7940",4305.53569440154
"7941",3678.20411563996
"7942",6128.45756028179
"7943",4950.11927240947
"7944",5547.15671076369
"7945",5153.0112250048
"7946",7745.31306131906
"7947",5144.89425197808
"7948",3924.01582221058
"7949",5043.64894705708
"7950",2683.09556639066
"7951",1930.07046048052
"7952",10316.4344445509
"7953",3237.19630577444
"7954",4421.18905515294
"7955",4829.78269352461
"7956",7086.31226718845
"7957",7339.14250777184
"7958",7780.25291986251
"7959",6431.31355775043
"7960",6388.90428365336
"7961",2429.02703702875
"7962",6204.79730006505
"7963",2668.15049838275
"7964",4155.16077390022
"7965",8562.6621465736
"7966",6542.78812825505
"7967",6307.30742592679
"7968",5154.65877935034
"7969",3938.59749117692
"7970",3886.44279454631
"7971",8760.72125823534
"7972",3940.06066490395
"7973",4247.72298333212
"7974",2923.4037916676
"7975",6025.8330870567
"7976",4728.20320601232
"7977",3398.90282048134
"7978",4433.18491047522
"7979",6067.08490202908
"7980",4101.5989578226
"7981",3036.89505885437
"7982",4385.1158692817
"7983",5773.39293726766
"7984",4790.78199308988
"7985",9301.19927553792
"7986",4446.09865983092
"7987",5345.77869288524
"7988",9075.61876919621
"7989",4873.29414874199
"7990",2727.56661605043
"7991",2992.23004024383
"7992",10485.0944946635
"7993",5119.11131352861
"7994",5293.95130706986
"7995",5887.79119770345
"7996",4992.35995978443
"7997",2872.92845028412
"7998",3804.59503910318
"7999",2854.67279145535
"8000",3640.21346894256
"8001",3367.99465720396
"8002",3554.84640637418
"8003",4526.16753711487
"8004",3118.71865281579
"8005",5536.30700765306
"8006",8429.40170408454
"8007",4488.2649656228
"8008",3250.98828093626
"8009",7494.89570288005
"8010",5326.0702169218
"8011",1668.13786730665
"8012",5031.31077522208
"8013",3492.17115968128
"8014",2842.72357362945
"8015",2854.74327811203
"8016",5126.99856822263
"8017",2592.78599449736
"8018",6188.28962822852
"8019",4895.58888851048
"8020",7052.35263064416
"8021",4499.80698673229
"8022",6267.33053322486
"8023",3715.89234273671
"8024",1159.00099520123
"8025",4364.51033293497
"8026",7551.30741970235
"8027",4966.5961806993
"8028",5185.95157624607
"8029",2166.63911722164
"8030",5882.24415623234
"8031",8045.48418396356
"8032",5455.60885489406
"8033",5286.58172956744
"8034",6029.0880106666
"8035",3585.34919557004
"8036",7085.70891679061
"8037",5673.78015963949
"8038",9050.96101771801
"8039",2459.97041675699
"8040",7568.0795314422
"8041",7842.51433370961
"8042",3377.55103947211
"8043",3822.65952660941
"8044",981.702259796322
"8045",3088.17132915562
"8046",6131.36511687754
"8047",4016.20633850415
"8048",2515.13951013016
"8049",4820.77649813268
"8050",4259.57312334218
"8051",8612.54831627046
"8052",4764.39524710376
"8053",6353.15397295752
"8054",4097.01662502962
"8055",3519.37319444021
"8056",3063.06879003986
"8057",2194.34669733368
"8058",2807.82016734395
"8059",3010.84721069754
"8060",4325.79345631029
"8061",4238.43628836772
"8062",2618.86865457473
"8063",1561.22233089479
"8064",5539.11881760717
"8065",5120.3618820124
"8066",5416.01903302013
"8067",4016.66298201482
"8068",4994.50893895008
"8069",3480.50225366524
"8070",2184.82504923741
"8071",4325.43453346082
"8072",5980.28269737482
"8073",7425.08029640798
"8074",2095.12799572857
"8075",3037.61131680087
"8076",3900.97809464688
"8077",3904.31112094066
"8078",3755.60369152244
"8079",4171.33055946406
"8080",4695.0052282965
"8081",4929.74285757286
"8082",4111.07805402705
"8083",7380.05379624368
"8084",3680.37761937222
"8085",3007.61327164003
"8086",5131.62593080208
"8087",3631.56844968948
"8088",8283.7651406317
"8089",8418.71614076413
"8090",4941.21733891324
"8091",4654.65250090678
"8092",3908.26853612345
"8093",2001.46632411057
"8094",3984.49351599801
"8095",5775.90109932749
"8096",3590.70615115296
"8097",1000.96550255205
"8098",2268.88637830713
"8099",2911.24816238147
"8100",5884.05471128051
"8101",2753.87648032914
"8102",5306.80607154389
"8103",2886.92082777387
"8104",3544.92862348206
"8105",8106.89819814579
"8106",3370.48199329799
"8107",3977.57927708363
"8108",5006.09537176462
"8109",7461.46480680368
"8110",2932.41727788327
"8111",6660.15737401764
"8112",8137.72617922322
"8113",4804.15635677031
"8114",9468.07732944557
"8115",2726.60208955966
"8116",3286.96851999813
"8117",7488.56344926974
"8118",6221.63775404519
"8119",3970.76000630041
"8120",7218.57717276161
"8121",9973.86963005835
"8122",4694.87299631519
"8123",9113.30033321027
"8124",3738.89906316728
"8125",5400.21421683737
"8126",5263.97596844845
"8127",2721.17622121179
"8128",5457.36430542194
"8129",5745.1010977418
"8130",10627.1395600807
"8131",12268.2153832563
"8132",5724.28600045195
"8133",10545.6857680033
"8134",3948.3773098751
"8135",3349.23545808991
"8136",5265.98318333167
"8137",5751.98046224262
"8138",4279.13538267225
"8139",5472.24391007511
"8140",5656.81667059171
"8141",7110.46243783447
"8142",3346.40151060891
"8143",2127.46209947875
"8144",3575.35466829775
"8145",5852.37391962798
"8146",5690.21377491573
"8147",4915.18016477377
"8148",4052.91255038424
"8149",4512.32269481278
"8150",1951.33684087306
"8151",2449.95653611439
"8152",6278.62701614021
"8153",3571.69437713269
"8154",5755.44603602996
"8155",3429.43946815154
"8156",5685.9858153243
"8157",6458.89619143185
"8158",4876.78333028086
"8159",3654.72107426095
"8160",7457.94684194017
"8161",4450.84319905913
"8162",6193.81962669536
"8163",5722.92384426272
"8164",4505.34534167143
"8165",3852.13367495191
"8166",7824.18191635021
"8167",6094.07034401066
"8168",5168.73863849801
"8169",4990.90945113247
"8170",2353.05707455665
"8171",4374.09770567046
"8172",5548.68794193282
"8173",5746.56681125867
"8174",4632.7385948514
"8175",4805.41906516993
"8176",4518.27701604413
"8177",3114.10979526944
"8178",4494.69529147109
"8179",4625.3480860421
"8180",2558.06517030724
"8181",11079.7577642724
"8182",4064.71466210665
"8183",4454.70398904296
"8184",4700.4456284694
"8185",3201.6852834642
"8186",4277.62206308165
"8187",5609.8781359744
"8188",3875.79960393865
"8189",6567.14593216556
"8190",5224.94483058737
"8191",3281.11603221146
"8192",8260.67140922917
"8193",3076.96238319861
"8194",5240.69953205402
"8195",8303.36053365265
"8196",5601.35665701446
"8197",8372.9643344956
"8198",6477.01986126497
"8199",5265.89027411269
"8200",7489.40325325902
"8201",3112.26334917656
"8202",4851.56266765815
"8203",3112.23515019595
"8204",7685.15469420573
"8205",1909.46963498322
"8206",7122.54960811924
"8207",4035.48246508569
"8208",8229.7650764084
"8209",12129.9526596502
"8210",4831.53027036646
"8211",5982.32721002039
"8212",4333.71005372156
"8213",5063.30833851249
"8214",3632.69640615652
"8215",5421.00494638702
"8216",4159.15874022094
"8217",2022.44947710983
"8218",7878.10926634114
"8219",3511.51150654006
"8220",3632.09148762899
"8221",7966.95838398481
"8222",5632.74891978834
"8223",2260.81721141248
"8224",3330.92592052027
"8225",5491.3978598211
"8226",2555.52435354056
"8227",5146.59097921802
"8228",5908.833752312
"8229",7042.01465170091
"8230",4550.7499589806
"8231",3231.8707571784
"8232",2773.72597283131
"8233",2474.12440574996
"8234",3785.02050510008
"8235",4396.55063125602
"8236",7708.56869474112
"8237",1698.73437478207
"8238",4952.76335912081
"8239",3890.47593644122
"8240",2431.01120400173
"8241",4147.86249519826
"8242",3273.70222120261
"8243",4689.86019699543
"8244",4128.42929015018
"8245",8081.65869913454
"8246",5195.45561313769
"8247",3073.38318793842
"8248",4497.87782124488
"8249",2959.58272241184
"8250",3996.75499463396
"8251",5768.4404242023
"8252",7509.92399496952
"8253",3243.78300122876
"8254",6114.12469159119
"8255",6620.59609576612
"8256",5699.12183955411
"8257",11356.7297950047
"8258",2069.03236376162
"8259",7748.64367159491
"8260",6415.98811166832
"8261",8419.3929062066
"8262",10289.568206588
"8263",6400.7260487905
"8264",7231.19153007813
"8265",4531.56114527083
"8266",6961.40356564062
"8267",6179.4989991184
"8268",2581.87429212249
"8269",8578.9114343602
"8270",4594.36032877682
"8271",4951.28148949123
"8272",2974.83298003493
"8273",3463.92133270827
"8274",4223.98564318271
"8275",3508.8438618838
"8276",5147.80757695093
"8277",2720.07936503558
"8278",3417.28183196427
"8279",4032.04972865764
"8280",1658.22420879576
"8281",4507.07506643276
"8282",2436.53180894023
"8283",3153.8300750223
"8284",3278.81617432833
"8285",6449.53756229638
"8286",9008.35554396617
"8287",5729.14011590654
"8288",2828.3728874356
"8289",3721.4775017926
"8290",8399.61926034273
"8291",3923.09535994625
"8292",4190.04541447479
"8293",6079.05586126173
"8294",6161.22860678437
"8295",11798.4034237698
"8296",10484.9607596405
"8297",9280.10035795177
"8298",4397.47697743587
"8299",2627.92456775258
"8300",2711.4404931211
"8301",6607.88972373743
"8302",7439.36370959604
"8303",10079.9551486858
"8304",2591.5468331158
"8305",7787.29004890809
"8306",6626.87334585498
"8307",4204.90867489658
"8308",1884.97265542502
"8309",7141.68266138539
"8310",3405.02056563081
"8311",5578.46979710623
"8312",3963.48173741112
"8313",4545.90400579345
"8314",10390.1243757134
"8315",4774.68727378716
"8316",6866.2254944602
"8317",5959.72051631042
"8318",4904.74572067132
"8319",10719.8803126191
"8320",4632.55987480411
"8321",5265.65918990929
"8322",5970.08399381518
"8323",6634.19058817712
"8324",8031.32564793841
"8325",5000.91702424822
"8326",5588.55296123197
"8327",1551.38299310411
"8328",4692.12375478173
"8329",3944.47609193553
"8330",3960.34959018708
"8331",4290.63499838836
"8332",3804.28763753868
"8333",2775.34611898178
"8334",5120.3235108126
"8335",3354.69191740651
"8336",2921.07805706642
"8337",4732.23713960417
"8338",1561.01065723837
"8339",11450.5359550369
"8340",4001.85557084216
"8341",3381.06966864754
"8342",5994.07742849539
"8343",3117.23984182079
"8344",7179.84150045464
"8345",2271.69707909675
"8346",8453.17708988674
"8347",5535.87945469632
"8348",10473.3885880828
"8349",5444.86491274787
"8350",1073.62545212923
"8351",7926.01338174869
"8352",6825.26765365817
"8353",4568.53530039941
"8354",3664.92600649776
"8355",4743.68873910914
"8356",4052.84652307595
"8357",5175.13290989673
"8358",5075.37296257529
"8359",6732.48370828142
"8360",9323.46901242307
"8361",7395.75054529763
"8362",5969.33527057478
"8363",5814.70729539293
"8364",4046.4294756825
"8365",4496.25912971434
"8366",2415.84167862852
"8367",5667.82338723709
"8368",7358.63529980712
"8369",5803.28461492254
"8370",6422.72106414055
"8371",5912.01554837712
"8372",5006.02778374485
"8373",7365.38114892121
"8374",4020.18240951077
"8375",2274.12267259473
"8376",5846.53615137422
"8377",3589.28135439137
"8378",10542.3386881198
"8379",8735.66048791393
"8380",2750.06827046978
"8381",3164.88076698541
"8382",6468.94825588859
"8383",5218.81525133736
"8384",7172.67837613594
"8385",5967.27599816618
"8386",2642.4330607134
"8387",6132.94249550259
"8388",7505.88928474311
"8389",4675.64952878124
"8390",6403.14307770383
"8391",4961.91269706748
"8392",8405.01420642895
"8393",4559.19270807621
"8394",3086.51862461632
"8395",6038.5317881782
"8396",4935.75373581646
"8397",2813.11762216565
"8398",4591.10841525684
"8399",8904.93088816141
"8400",10527.486733893
"8401",4331.71022802487
"8402",3194.76585405384
"8403",4246.74907123856
"8404",5042.86827938334
"8405",2311.86133127683
"8406",2082.50077412673
"8407",4358.71463839989
"8408",4482.17608142103
"8409",4938.55316655303
"8410",6721.43452188192
"8411",3175.43460609438
"8412",5801.97115263744
"8413",3370.86130486062
"8414",5801.12678327097
"8415",6273.59290456615
"8416",3030.92042701703
"8417",5120.78484565316
"8418",5155.64781473397
"8419",3007.8702673096
"8420",6102.21633090597
"8421",3694.65362264012
"8422",4520.07853098807
"8423",4255.19550945243
"8424",10118.0308730814
"8425",3894.04930770275
"8426",10815.3700959264
"8427",3836.03331507265
"8428",9660.22934563051
"8429",6416.3035065899
"8430",4460.50475458661
"8431",6658.40424090438
"8432",1975.00698751031
"8433",4951.00040383992
"8434",2941.29022475024
"8435",6020.86725117231
"8436",2683.25210582867
"8437",3183.14937577996
"8438",4464.23439794133
"8439",6860.85283139098
"8440",5874.76565478713
"8441",6667.34904087981
"8442",9953.6475738908
"8443",5722.05155962129
"8444",4063.74236843805
"8445",8010.39427689795
"8446",7822.48959202314
"8447",4842.30302901031
"8448",4293.57466244162
"8449",3912.46759917255
"8450",3890.58260556625
"8451",9882.87735935557
"8452",5835.81951881578
"8453",5293.04478391819
"8454",1943.68237865815
"8455",5537.70948036888
"8456",4090.40701500024
"8457",4792.01616368099
"8458",5716.02071832091
"8459",6493.83592605084
"8460",1960.01796938997
"8461",5677.4948555571
"8462",7305.52220955776
"8463",4953.62795573194
"8464",6623.08672836242
"8465",4240.74536029907
"8466",8787.46689002088
"8467",9871.14909230993
"8468",4998.74703524454
"8469",2738.16879795678
"8470",4134.75599787413
"8471",3401.31128406012
"8472",5089.5296998113
"8473",5507.14665075322
"8474",8331.91424863623
"8475",5563.2326602948
"8476",790.372400446504
"8477",4809.87246442522
"8478",8900.48311088182
"8479",4717.71467386006
"8480",3658.51073937066
"8481",5137.64081306325
"8482",4152.13366670313
"8483",2795.32430590899
"8484",7516.19436874473
"8485",7853.01148125349
"8486",7255.87397451774
"8487",2011.35328590265
"8488",8090.11832278862
"8489",4064.71757551952
"8490",4875.82418709819
"8491",6158.1900006127
"8492",4066.35448444448
"8493",7114.23686810938
"8494",6290.65793477785
"8495",3451.1232599456
"8496",3071.62716500839
"8497",5442.02716150094
"8498",4656.76901434013
"8499",6576.58011426736
"8500",3396.30415029958
"8501",4296.90594002174
"8502",2222.27312613046
"8503",8309.39731447923
"8504",4983.35303419014
"8505",4702.49062866432
"8506",5097.14410687919
"8507",4674.03251107188
"8508",5738.177864342
"8509",3511.33794623089
"8510",6331.86989973969
"8511",5868.70369713265
"8512",3075.24023985979
"8513",4052.54481389566
"8514",4055.67735587066
"8515",5461.6410665302
"8516",3099.15183427872
"8517",8261.46625892317
"8518",6362.30535247904
"8519",6720.38854803337
"8520",4835.05053829396
"8521",4243.19460418931
"8522",7321.34716676798
"8523",6679.76403869514
"8524",9049.75213709689
"8525",5005.10123551288
"8526",6956.2653704618
"8527",5906.14835673757
"8528",2839.61993244023
"8529",1797.0444336377
"8530",5299.47749252879
"8531",1818.03159159835
"8532",4966.97297285288
"8533",7987.38532478001
"8534",3992.04670488444
"8535",5041.81911170378
"8536",6141.42365881824
"8537",4252.35056943446
"8538",4042.93110578915
"8539",6906.18633092142
"8540",5653.04165901762
"8541",4861.11974867026
"8542",5806.0063128061
"8543",5943.29896866914
"8544",2814.70905411744
"8545",1768.50571325619
"8546",3520.16559672181
"8547",6485.68046202842
"8548",7035.13536185963
"8549",1503.1364128819
"8550",1851.76583337324
"8551",6795.33258462598
"8552",5075.37857902714
"8553",5331.89592934406
"8554",9209.2364192931
"8555",4115.26800398354
"8556",5390.82781641552
"8557",9470.06068910775
"8558",10372.633889462
"8559",5970.62555111473
"8560",5839.80413344299
"8561",7080.76469950634
"8562",5402.96812677145
"8563",9875.78806718317
"8564",5285.15806512837
"8565",4339.56141840992
"8566",4553.63827008771
"8567",5465.17563672533
"8568",2658.62069598958
"8569",4851.55408046831
"8570",4827.59894160624
"8571",5906.23029609956
"8572",2276.82503769005
"8573",4312.04872401909
"8574",5084.6228690921
"8575",6281.15981781436
"8576",6031.81213406427
"8577",2574.03298200521
"8578",3899.92096770072
"8579",5406.95483739988
"8580",4738.60072588699
"8581",7111.41915647715
"8582",3840.01299653907
"8583",2785.7018792957
"8584",4907.9717247209
"8585",4359.54048577219
"8586",3686.95114762505
"8587",4462.2333906666
"8588",3055.94510767091
"8589",5902.20008862263
"8590",3727.51657706662
"8591",3667.53850819415
"8592",4829.64093778748
"8593",4811.24930046475
"8594",5468.25695041701
"8595",12666.2779402171
"8596",7919.24427476275
"8597",4537.65716953052
"8598",4104.75996702298
"8599",4703.52436277142
"8600",3357.67143079522
"8601",4744.51762685651
"8602",3427.46309980482
"8603",9005.48149518919
"8604",3379.46592034167
"8605",12318.4911046164
"8606",3146.01264170965
"8607",7148.89087749482
"8608",2383.2081471337
"8609",8537.34335368371
"8610",7159.86359774723
"8611",8457.51832531113
"8612",3023.98803390091
"8613",3673.68519967014
"8614",7757.59872406384
"8615",3037.66016059509
"8616",5206.89990670071
"8617",10726.1763200885
"8618",6167.38805310929
"8619",2228.92077480623
"8620",8253.87976612488
"8621",4342.85309909983
"8622",2183.85394151567
"8623",8250.27229235024
"8624",3709.70675344963
"8625",2667.56888516876
"8626",1543.88775662042
"8627",7855.7421707412
"8628",6551.77110004751
"8629",3641.0427337141
"8630",6761.10854191321
"8631",4772.0729965379
"8632",7102.73935341986
"8633",2330.81771723001
"8634",5631.14381640829
"8635",4619.51728061138
"8636",6228.19393405033
"8637",5864.14552925027
"8638",7319.71438140841
"8639",4520.99695435399
"8640",4718.3417908827
"8641",4728.28855003812
"8642",4416.90948569454
"8643",9714.840404986
"8644",4692.34710349556
"8645",3249.9703835402
"8646",6418.92434482253
"8647",2997.84976461332
"8648",5788.30023746367
"8649",4544.70374761528
"8650",5807.02581050666
"8651",2094.3981438161
"8652",4578.35180044541
"8653",5273.71569251781
"8654",9240.45481342013
"8655",3508.28389425005
"8656",2772.30274899513
"8657",5519.58372062375
"8658",3091.56641307269
"8659",6197.96463679511
"8660",3617.09877943358
"8661",6852.20623001765
"8662",9293.16063305334
"8663",5369.12891200214
"8664",5444.56118440937
"8665",3586.4294045493
"8666",1989.21704245551
"8667",5847.64482373575
"8668",3282.49969470163
"8669",6443.19102168706
"8670",7975.73817732889
"8671",2451.17793544184
"8672",3825.18111883686
"8673",2032.23829903075
"8674",3119.34355222801
"8675",5165.16523470008
"8676",5270.68078801635
"8677",7131.25543758617
"8678",2366.46052721218
"8679",7396.52134294854
"8680",6820.41230273113
"8681",4910.1203129135
"8682",4250.10576492234
"8683",5177.00733558834
"8684",3930.42075573152
"8685",3039.41713422531
"8686",6282.33166106167
"8687",6796.99692827248
"8688",6846.44277614739
"8689",5807.63778752403
"8690",5220.99192805687
"8691",3711.11713058292
"8692",12890.8417889962
"8693",4083.20603227941
"8694",6232.17220979847
"8695",5536.26169643394
"8696",3015.46120134997
"8697",4733.02654708357
"8698",3027.42557280918
"8699",2966.70283207227
"8700",3387.45930868981
"8701",1997.28137141623
"8702",8859.71461327869
"8703",5154.88929127535
"8704",7498.05622483621
"8705",6767.32560395659
"8706",5042.35963451525
"8707",2804.34148675442
"8708",7634.33067632181
"8709",12126.6294497498
"8710",3996.78014099033
"8711",3905.04423300253
"8712",4935.29091954068
"8713",3492.63682647701
"8714",3895.03149966995
"8715",5425.87662944733
"8716",5629.12874613272
"8717",3427.43191161245
"8718",3072.81722096424
"8719",4524.47567785141
"8720",3789.54652496526
"8721",4371.38402680628
"8722",2412.7733586891
"8723",4636.74463609885
"8724",4981.88247671432
"8725",3255.56613045617
"8726",4519.35523730447
"8727",6695.01399689366
"8728",1757.6597150329
"8729",4393.35115928145
"8730",7316.93818012974
"8731",2066.78449025296
"8732",2067.02384833066
"8733",4241.25512068346
"8734",4200.09803589369
"8735",4011.04070297373
"8736",8997.16057046503
"8737",1339.32202948345
"8738",3794.19792529859
"8739",1504.52792763495
"8740",1115.68650683906
"8741",9430.28898544138
"8742",3512.61684971303
"8743",3215.65582396992
"8744",3453.85143974546
"8745",6785.83401895425
"8746",2022.88942535227
"8747",7113.97554950137
"8748",5181.90364974324
"8749",3993.66906537442
"8750",9960.66037033981
"8751",6648.1887184729
"8752",3981.76355828531
"8753",2649.94410716544
"8754",3292.77048166952
"8755",2859.67365577014
"8756",3027.02686460735
"8757",5067.13693296502
"8758",5659.0437643826
"8759",4337.92025768443
"8760",3735.32105745847
"8761",3686.99800648243
"8762",7629.86178117327
"8763",6538.53313121089
"8764",3878.14835209073
"8765",10452.5528669037
"8766",6220.84309809143
"8767",5987.75313957484
"8768",10273.2962398541
"8769",4564.80924516055
"8770",4737.33099105512
"8771",3963.3584018597
"8772",2959.24962228583
"8773",4683.16047895537
"8774",7836.9698175462
"8775",3221.72523387184
"8776",4832.27316369192
"8777",5375.80625584035
"8778",10624.1080994107
"8779",6495.91311224335
"8780",5919.62047718727
"8781",3581.50443894509
"8782",4138.02078549122
"8783",6414.13761313166
"8784",5411.58388676116
"8785",7320.45459670323
"8786",2879.05549954466
"8787",3623.01380237483
"8788",9253.94097568432
"8789",1811.9514702459
"8790",5325.84913307411
"8791",2726.29005273816
"8792",10860.7190775109
"8793",2832.48662957328
"8794",5479.22594552219
"8795",8988.59990094852
"8796",5656.90134288213
"8797",5157.4148401015
"8798",4621.85651532258
"8799",7604.11110577901
"8800",2822.91050055827
"8801",5327.93441003084
"8802",6230.26429291151
"8803",3646.36518125917
"8804",2911.76968485321
"8805",2677.03139117348
"8806",3417.1455878194
"8807",2336.95304292394
"8808",7277.99872412905
"8809",3355.13497369218
"8810",4237.5665307435
"8811",7524.17894502112
"8812",6529.03210920538
"8813",4915.47360364936
"8814",6472.76586265879
"8815",4295.88940629532
"8816",5023.68247720477
"8817",5682.52045697806
"8818",6269.15102774411
"8819",7358.28967939713
"8820",2565.00209650915
"8821",6537.35807948635
"8822",6454.17041437729
"8823",5304.33374230796
"8824",2728.49662745232
"8825",4316.53541132185
"8826",2119.64159684494
"8827",11898.3344253669
"8828",11171.0231610145
"8829",9160.9276026109
"8830",3341.89252107911
"8831",8992.10158508219
"8832",2599.15305901424
"8833",4961.60837577435
"8834",2363.79803163285
"8835",3761.34803320764
"8836",6267.21180955705
"8837",3525.47552129335
"8838",6211.47666488442
"8839",5455.56669994426
"8840",5752.88738776796
"8841",4584.32368264563
"8842",5771.79389927309
"8843",4777.47417453624
"8844",3003.48084597569
"8845",4850.38154725684
"8846",6427.02044354932
"8847",2276.05001112079
"8848",5086.74774186651
"8849",7900.94659482164
"8850",6370.34872215794
"8851",2730.87562547222
"8852",2804.46895212197
"8853",1980.14772120892
"8854",9027.59847227001
"8855",6274.72185820714
"8856",6195.0584384565
"8857",5883.27918656188
"8858",3145.4906949735
"8859",3729.35314126767
"8860",3460.02032870374
"8861",4605.8505340431
"8862",4770.11137767974
"8863",10847.2201780162
"8864",6000.42115497502
"8865",6895.34304372489
"8866",4442.41873041994
"8867",3918.94209846668
"8868",8785.72709380335
"8869",3260.06038483663
"8870",2850.03493059834
"8871",5640.81849140226
"8872",7135.62503550109
"8873",5951.68446272885
"8874",3408.86870611249
"8875",6397.19821890991
"8876",6250.56390924082
"8877",5887.12497074646
"8878",5372.95935293759
"8879",6674.4859686197
"8880",4324.00049530657
"8881",6145.9976949835
"8882",7799.50224417861
"8883",5640.97281797032
"8884",4855.6531079273
"8885",6811.28194500157
"8886",3558.6092497636
"8887",8936.28081087349
"8888",2556.56292798644
"8889",2094.17376639799
"8890",2456.7043710787
"8891",3705.47822492837
"8892",8445.42750206537
"8893",8125.98455609067
"8894",4095.9031600125
"8895",3433.09139881399
"8896",2373.97236491478
"8897",3068.13083062047
"8898",4784.92592288554
"8899",10715.4832197843
"8900",6029.40143248218
"8901",5808.93140041479
"8902",5008.41015778261
"8903",5146.1419162305
"8904",5336.24336830899
"8905",3162.74642295163
"8906",5882.02938126668
"8907",9418.3775467783
"8908",6771.114984416
"8909",9590.42281242745
"8910",4603.30990765785
"8911",5173.04496066179
"8912",5488.08501037949
"8913",6127.15622588032
"8914",5404.97251501324
"8915",3233.72692976613
"8916",3427.82147935237
"8917",6738.25358060561
"8918",3452.53500799253
"8919",1506.45846406644
"8920",4307.26856288855
"8921",3548.63163371035
"8922",5757.17547210329
"8923",2875.10546923731
"8924",5544.37535359402
"8925",6905.05720238248
"8926",1585.8186476031
"8927",2450.22725450352
"8928",5183.55092455592
"8929",3193.07874486549
"8930",7536.91122072452
"8931",6195.40884903184
"8932",9415.71336350724
"8933",4049.39690631488
"8934",2098.58364934748
"8935",4365.3689472329
"8936",3474.96968180209
"8937",4060.15474716999
"8938",5232.00089805055
"8939",4875.1405681661
"8940",3630.66837533901
"8941",5606.70186975662
"8942",8564.15099329624
"8943",7489.53223539371
"8944",7867.91559956357
"8945",7605.73394683521
"8946",6759.82714606269
"8947",4388.59909820545
"8948",1849.12700728106
"8949",6348.66957091389
"8950",4264.22069390072
"8951",5763.11564103246
"8952",7088.77798574168
"8953",3120.68664955994
"8954",2046.78744819132
"8955",8464.00105119235
"8956",4983.16750664118
"8957",4044.75537770591
"8958",10282.635856653
"8959",8212.09491282463
"8960",2356.85341875121
"8961",5166.82991539361
"8962",2696.26667360857
"8963",3750.53437722987
"8964",4866.04604709585
"8965",8680.80381501268
"8966",5838.20363364794
"8967",8558.15906883893
"8968",7066.46531029762
"8969",7883.93322265486
"8970",2533.53247139673
"8971",4443.99473632965
"8972",3203.46285154362
"8973",4697.91495876131
"8974",10373.7037581964
"8975",5175.17078951676
"8976",8646.54350889538
"8977",5012.49451092328
"8978",4675.79078945186
"8979",4110.71299704595
"8980",11250.5119962464
"8981",7326.18446911825
"8982",4029.64699340292
"8983",3268.70516279404
"8984",8202.47067255672
"8985",4539.12933194911
"8986",4859.78350818268
"8987",1819.2667095972
"8988",4532.69895311072
"8989",6396.16323423525
"8990",3820.17852969782
"8991",6466.30467354617
"8992",5636.25805930042
"8993",3688.17277039128
"8994",4218.8676178173
"8995",2479.29910159047
"8996",2426.97372505715
"8997",6928.17274427292
"8998",8167.46059999563
"8999",5749.95321179595
"9000",4489.01027183206
"9001",3832.00182924827
"9002",1064.30248332059
"9003",3731.20103974175
"9004",3999.94037410885
"9005",6505.21886360692
"9006",7295.40948718973
"9007",5969.86042261892
"9008",2790.11227158253
"9009",4908.17573290545
"9010",4829.77806834358
"9011",4068.83501698886
"9012",5325.86529725365
"9013",4645.88474099332
"9014",3630.70559673343
"9015",6790.93911965098
"9016",5734.93849457242
"9017",8989.69319120684
"9018",3867.96279540629
"9019",4123.67471956229
"9020",4196.86198192078
"9021",8103.56886836496
"9022",7419.3533138269
"9023",2712.98807179154
"9024",5175.3717884504
"9025",1524.76957488147
"9026",7599.25132533768
"9027",2582.2554896996
"9028",10470.5644127483
"9029",9329.93974485528
"9030",4477.4620275484
"9031",6172.40767118143
"9032",6308.77763814433
"9033",5648.91494899092
"9034",2788.20130155503
"9035",4720.58350715396
"9036",8863.1262724041
"9037",4440.09464873886
"9038",5544.385988808
"9039",4012.85594272846
"9040",9019.2706862014
"9041",4102.65632381546
"9042",3436.93594844517
"9043",2461.12615651503
"9044",4580.94305679528
"9045",3257.24375238642
"9046",3929.28209072788
"9047",2516.04906422301
"9048",5209.06833090656
"9049",6698.9824881769
"9050",3447.51574330026
"9051",1243.93754819513
"9052",5878.52599058091
"9053",5655.03969879623
"9054",7245.57843040599
"9055",7351.52656273742
"9056",7406.22711869085
"9057",4960.10517662024
"9058",5379.94364940119
"9059",5194.47401162371
"9060",2882.1403117273
"9061",2620.63175811217
"9062",6065.30218932894
"9063",4140.54330566677
"9064",4503.22740419052
"9065",4352.61404278141
"9066",3223.08388733916
"9067",4383.71776319447
"9068",4623.48282791063
"9069",9755.62768326618
"9070",3159.61084503244
"9071",4948.82464448235
"9072",5160.61079662381
"9073",3502.91703994724
"9074",2218.72288020083
"9075",7522.09395780641
"9076",5767.25747167383
"9077",5824.09266418184
"9078",5447.37953678344
"9079",4326.9629975055
"9080",5775.02024989453
"9081",4898.17539758777
"9082",9910.65452646062
"9083",4288.94084996451
"9084",3029.2960233367
"9085",883.919394185534
"9086",3939.67034605821
"9087",2634.12634008267
"9088",4405.99954612012
"9089",8858.92195227934
"9090",5633.82399316697
"9091",5418.77392533084
"9092",3208.44534601667
"9093",5441.56338491192
"9094",3867.89128325367
"9095",5131.02582317841
"9096",5409.30602122855
"9097",4283.29123015719
"9098",7719.4180061089
"9099",4049.27064257342
"9100",2962.51329205104
"9101",5212.33245821449
"9102",8446.37095013831
"9103",4527.47479093715
"9104",11354.7373523939
"9105",5187.03108321864
"9106",6268.35208645096
"9107",3380.25428057031
"9108",3176.73829022364
"9109",6704.98083896161
"9110",5555.33153763943
"9111",5117.61034017248
"9112",5693.41516269685
"9113",5827.30080217932
"9114",4351.54394157894
"9115",3648.11908236553
"9116",3973.62600485422
"9117",5668.38882783928
"9118",7029.47540877829
"9119",6029.20100724633
"9120",2840.75799851655
"9121",4882.65820878593
"9122",5023.02093581599
"9123",3800.03069810302
"9124",5073.71594355261
"9125",6175.90636644122
"9126",9999.79716643674
"9127",6296.03592607344
"9128",2049.63484303607
"9129",4018.82794089703
"9130",3400.31959212292
"9131",2789.09961356135
"9132",5778.42917816021
"9133",5232.19811767858
"9134",5497.98910533078
"9135",8463.86294501525
"9136",3097.5079666251
"9137",2208.91662435821
"9138",6884.28477046476
"9139",11939.4384561764
"9140",4895.77305059496
"9141",7935.32982875168
"9142",3062.60284056887
"9143",6147.49637213856
"9144",6707.17190186342
"9145",2825.24860590923
"9146",9763.88946235046
"9147",5076.40006342292
"9148",3466.83946862747
"9149",3757.63078194484
"9150",7836.37713439792
"9151",5658.76635433856
"9152",10077.1462651028
"9153",5200.62240849639
"9154",6012.10839071521
"9155",4939.96403514891
"9156",1901.64685191883
"9157",10513.9097753912
"9158",7507.32368698402
"9159",5034.49699624215
"9160",2934.94396623631
"9161",4292.40460366925
"9162",1451.22175112175
"9163",3833.75861881906
"9164",5337.28216071357
"9165",3847.96516118274
"9166",4025.29164951539
"9167",5232.71328850015
"9168",1735.50684080675
"9169",4137.07694160967
"9170",1776.39541858458
"9171",4754.68027782906
"9172",3616.66628147959
"9173",2047.4868569317
"9174",5262.12349341274
"9175",6619.51828387583
"9176",8942.37206887937
"9177",3635.57525824389
"9178",4050.97471832507
"9179",5148.31262138649
"9180",7767.32656868943
"9181",2518.69574612431
"9182",3043.4296556834
"9183",6602.66483788117
"9184",2717.77561201394
"9185",3477.01177898369
"9186",7900.42828300089
"9187",4564.41257014527
"9188",3033.87474897155
"9189",5580.16345184832
"9190",9919.0385339036
"9191",9530.8613300487
"9192",2881.35269111575
"9193",5504.46923567681
"9194",6208.85376620083
"9195",5590.3584983492
"9196",8638.80185277824
"9197",8916.71963839675
"9198",3566.16944305762
"9199",5493.32082603051
"9200",5950.79118530377
"9201",1768.27820703894
"9202",5548.71989970608
"9203",6148.08196098439
"9204",5484.08025550493
"9205",3879.72028321185
"9206",4894.7882585125
"9207",4442.60624843958
"9208",7767.50795695116
"9209",2852.97431071673
"9210",3295.87675349211
"9211",11215.390952884
"9212",6110.71920859674
"9213",3370.9536426327
"9214",4755.58919106162
"9215",6609.12994218554
"9216",2839.18232266797
"9217",4684.33056492917
"9218",4550.13048419409
"9219",5999.79836691217
"9220",4472.55298098916
"9221",6502.83288854826
"9222",3741.88978932909
"9223",6470.17781863152
"9224",3966.010576731
"9225",8199.20761586324
"9226",9716.09183189127
"9227",8282.54735489946
"9228",8331.21540190605
"9229",5441.34673392202
"9230",5966.44240803242
"9231",8693.23970959848
"9232",5357.13206164452
"9233",9795.04589041549
"9234",5611.01483375375
"9235",3168.28665072552
"9236",12249.0020025768
"9237",2101.48893510678
"9238",3859.82285453158
"9239",4550.95761061169
"9240",5367.53372927994
"9241",2282.71195283323
"9242",7254.62398129457
"9243",3382.96874566941
"9244",4630.7485623539
"9245",4199.67819585331
"9246",5947.77418525529
"9247",11105.2682350879
"9248",3816.98346008395
"9249",8207.30417755718
"9250",2950.9732906096
"9251",8442.27125413163
"9252",6601.55195383646
"9253",3656.4696779619
"9254",6424.36052379489
"9255",3874.87603186473
"9256",4965.84198764228
"9257",5856.30624796962
"9258",6253.74671461311
"9259",6946.64955528249
"9260",1428.31884306413
"9261",6596.48479731334
"9262",5857.29807629099
"9263",3329.19709584804
"9264",6669.25298165611
"9265",5255.90400526224
"9266",4634.2873006413
"9267",3753.64648828306
"9268",6386.69403909618
"9269",5566.99983400025
"9270",6044.20754688076
"9271",8997.04798770143
"9272",3971.4693917135
"9273",3468.88125125004
"9274",4703.40565281914
"9275",4450.58885459695
"9276",5752.64882919146
"9277",1927.64581345452
"9278",4288.55638513726
"9279",4068.1657093906
"9280",4231.59119955194
"9281",6895.67041068239
"9282",4962.63158567826
"9283",5018.50241659
"9284",2200.25398403406
"9285",3329.76896963659
"9286",4648.01734156458
"9287",2766.72077873582
"9288",5986.63703666453
"9289",3249.74755966902
"9290",4600.46498550405
"9291",7034.33255586453
"9292",5213.8964382438
"9293",7591.65081662731
"9294",10247.1367974422
"9295",3781.18556390668
"9296",1528.1303358397
"9297",5619.14412052452
"9298",9754.88997556438
"9299",5903.96479790297
"9300",4402.73453150323
"9301",1876.13351003564
"9302",3460.26160967851
"9303",5309.39383745851
"9304",4213.48052854009
"9305",7741.7560874534
"9306",3802.11096180219
"9307",4532.4766524958
"9308",4951.2260202723
"9309",2847.26520415576
"9310",3184.50360805489
"9311",5838.5096868932
"9312",4307.12892214855
"9313",5669.96517918003
"9314",6959.02734276443
"9315",3999.04834033834
"9316",5250.0286105845
"9317",9070.20881718595
"9318",9624.67979445081
"9319",10754.6765801397
"9320",10844.2524811233
"9321",5923.30835028226
"9322",3749.66720178595
"9323",3128.94384105195
"9324",6692.35463257501
"9325",7860.89252907078
"9326",4890.28830715915
"9327",1800.04188062868
"9328",3388.20265489648
"9329",3802.65187437134
"9330",4457.20388694014
"9331",10843.202382773
"9332",1172.012998569
"9333",3842.162955618
"9334",5318.49527268793
"9335",6391.62575171428
"9336",3638.31164889707
"9337",6789.9384007848
"9338",6865.51118599484
"9339",7493.57886254281
"9340",4926.40204537072
"9341",5176.20597988635
"9342",4380.08303015376
"9343",5699.12330233696
"9344",3233.25773375924
"9345",3170.41548122017
"9346",6166.75254543615
"9347",2876.74855769932
"9348",5786.82820583822
"9349",7503.97667869629
"9350",6962.98534964392
"9351",3613.68676171819
"9352",6245.54646530322
"9353",13804.8259320181
"9354",4160.77663007658
"9355",3057.31538833684
"9356",5164.80683346262
"9357",3768.46665064601
"9358",7575.31530839653
"9359",7668.29505394161
"9360",4153.85401007254
"9361",3381.80926467787
"9362",6169.39928482374
"9363",4099.15095480875
"9364",2825.48999363609
"9365",3806.27523601195
"9366",3396.00340968312
"9367",6540.39570852491
"9368",2449.78854776575
"9369",5194.80119652499
"9370",4783.68826648511
"9371",6988.4524563686
"9372",6899.94182192296
"9373",2749.61653386155
"9374",7891.70055812446
"9375",2548.6144913843
"9376",6190.37690942071
"9377",8533.43646181608
"9378",5385.24839763122
"9379",6143.60022090108
"9380",5157.64177428413
"9381",5164.46429550706
"9382",4484.2740730971
"9383",4744.40827633691
"9384",4821.44247960905
"9385",2792.93225563131
"9386",4184.31308031332
"9387",5174.91415303008
"9388",7634.77654061798
"9389",4911.61158164556
"9390",2434.87764717941
"9391",4572.16629761434
"9392",2726.46295036335
"9393",4925.7093545876
"9394",4703.3771449558
"9395",2815.97640345141
"9396",3421.25487199845
"9397",3200.82131113502
"9398",2016.53840043629
"9399",7468.66089681326
"9400",3030.02847948129
"9401",4295.87567601725
"9402",5774.18889299757
"9403",4414.73232610588
"9404",6115.20680091321
"9405",2217.05178885057
"9406",5372.33876965923
"9407",9713.26135397475
"9408",3184.37868658628
"9409",7769.47919217142
"9410",11165.2170338701
"9411",6204.1676272559
"9412",2155.34513225371
"9413",6925.82149794558
"9414",7089.08167383849
"9415",5068.35815176478
"9416",4912.93036205776
"9417",4449.96315491881
"9418",3260.33780323033
"9419",4025.35844023235
"9420",3532.22555764869
"9421",5519.66405981756
"9422",4065.91682050348
"9423",11947.4012388929
"9424",5155.20496584196
"9425",5890.07977737417
"9426",8123.64477800357
"9427",2504.13156663335
"9428",6250.71214983554
"9429",1905.86919423152
"9430",8671.83559676079
"9431",3816.03274371376
"9432",5656.8858772461
"9433",7020.44893677579
"9434",5083.78275070421
"9435",5604.60328939115
"9436",8616.21297273232
"9437",7193.49020752014
"9438",6278.15061438805
"9439",3213.42285087326
"9440",8426.33597906603
"9441",6296.82460381143
"9442",4935.05042160087
"9443",4443.13966424367
"9444",4485.10012441536
"9445",2579.17820998863
"9446",4739.12082842906
"9447",6326.74849128851
"9448",6348.86935934692
"9449",4352.45911314443
"9450",2738.71871498099
"9451",7674.3990054336
"9452",5901.95266546
"9453",4746.31382543157
"9454",6913.05653868325
"9455",5627.23122989305
"9456",1892.10432410013
"9457",5380.60635444359
"9458",7013.70927735616
"9459",5832.1963604248
"9460",4082.42639448401
"9461",6316.19749345112
"9462",8782.61352132208
"9463",6525.30291596911
"9464",3981.38591918244
"9465",4176.22756973025
"9466",5215.48009883706
"9467",2796.89158618479
"9468",4455.61374428839
"9469",5323.31115348713
"9470",6883.7288249284
"9471",3014.64430233097
"9472",6117.04876892141
"9473",3730.96914913866
"9474",4230.96032066544
"9475",7172.06404451723
"9476",4803.74092667655
"9477",9643.98296379385
"9478",5443.36672359239
"9479",5653.07149832376
"9480",6944.9860958085
"9481",4105.65162131452
"9482",3753.59629282373
"9483",3277.02099650458
"9484",9298.95420082897
"9485",2450.2068742938
"9486",3888.20271242323
"9487",5460.54050250293
"9488",4543.32014953549
"9489",7020.74624221446
"9490",8111.3552267726
"9491",4445.04202012182
"9492",4843.30376904644
"9493",5652.93611085718
"9494",1526.99018664029
"9495",6150.29791888245
"9496",4121.60185618728
"9497",1245.18604637816
"9498",3217.61377684405
"9499",2975.65433754679
"9500",4754.34688386804
"9501",5359.78045117616
"9502",4719.24723170436
"9503",3029.08276926121
"9504",12410.9306693629
"9505",2258.76601245778
"9506",7221.48505879758
"9507",4046.38064344251
"9508",6064.74790133862
"9509",7467.69695286278
"9510",3181.93412802165
"9511",5815.72190477437
"9512",4201.92290434893
"9513",4754.25413169741
"9514",3087.22163283342
"9515",7635.18042524584
"9516",3235.98075776832
"9517",7044.78312289045
"9518",5224.61808686744
"9519",6580.05529240984
"9520",5036.17979290627
"9521",6056.46738470171
"9522",3384.52922403737
"9523",7833.81394239212
"9524",5878.83432089817
"9525",5156.36192890472
"9526",6537.48094382283
"9527",10745.5535266326
"9528",3556.5389934688
"9529",4560.39479878463
"9530",7394.50962788775
"9531",7238.99963281193
"9532",6946.49588747014
"9533",6317.08682738582
"9534",5895.62424479186
"9535",5087.92539658782
"9536",4603.07082375156
"9537",4737.35624057776
"9538",3943.12614496436
"9539",5468.04109906207
"9540",5457.00883393036
"9541",4355.56981482549
"9542",2253.75601127022
"9543",9357.81649445079
"9544",3480.86317038076
"9545",5595.19946173736
"9546",3438.18450736575
"9547",5371.02159261692
"9548",2951.09256884962
"9549",7098.93655344116
"9550",7326.76872749563
"9551",4164.98679078429
"9552",6575.13040342624
"9553",6191.95783041592
"9554",5800.03232678323
"9555",9685.76734012493
"9556",6530.58759286685
"9557",6349.78736926045
"9558",4703.46384709666
"9559",3283.23198828811
"9560",5390.30374149251
"9561",5746.88554986258
"9562",5970.33712168783
"9563",6254.52314557839
"9564",5391.32353490585
"9565",5372.91002259363
"9566",2427.37553042383
"9567",8006.41511197307
"9568",5951.61591986415
"9569",4476.5244677703
"9570",7931.48590141424
"9571",6571.49570214999
"9572",5866.53065674007
"9573",6818.2387869237
"9574",6244.88563912601
"9575",5603.08317641082
"9576",5356.54022993776
"9577",6595.6604016145
"9578",6688.84896390483
"9579",3468.46361775702
"9580",4860.03394410049
"9581",4864.93323691725
"9582",10114.0193049524
"9583",6108.32406232855
"9584",4175.1022203645
"9585",6926.13314415357
"9586",4801.69466674316
"9587",4026.28125902865
"9588",2653.85244493041
"9589",5613.11092152924
"9590",4690.16963554174
"9591",7399.0430267675
"9592",4728.87641082495
"9593",5916.62698617397
"9594",3436.33030474052
"9595",6426.53260525141
"9596",2537.64578634565
"9597",10381.2544890746
"9598",5473.86008769838
"9599",5026.22994207038
"9600",3417.10414535814
"9601",3198.26507860835
"9602",9374.55594385567
"9603",7072.1543522944
"9604",7811.36123312416
"9605",6751.05009141547
"9606",2262.64166404156
"9607",5777.11562851956
"9608",1805.16157595353
"9609",5542.31802585878
"9610",8674.86461882386
"9611",7663.17642693856
"9612",6483.89057635289
"9613",4247.73354396509
"9614",7932.40597925422
"9615",2757.86327652837
"9616",3022.60840314161
"9617",9759.25861455651
"9618",5081.01953049126
"9619",5333.78698410792
"9620",5139.74241378304
"9621",4108.44709150982
"9622",4500.3623364977
"9623",8593.40240534249
"9624",4533.08033613936
"9625",4345.90409762115
"9626",1594.72772332962
"9627",5174.08320922143
"9628",2045.2710096619
"9629",4920.13029493869
"9630",5691.01654214191
"9631",2965.23355165363
"9632",2892.47097296838
"9633",6146.04128620448
"9634",2763.39609081863
"9635",4419.1909054321
"9636",3538.19090404466
"9637",3754.8622751091
"9638",7049.95393756841
"9639",2920.48039652134
"9640",5548.09982690075
"9641",5428.98646968085
"9642",5111.05584433879
"9643",3124.56922267715
"9644",12063.1087710386
"9645",4541.3777758301
"9646",4188.98480209208
"9647",3445.53632914956
"9648",4161.28586572612
"9649",3684.16043330409
"9650",6548.37981535774
"9651",2245.51632704691
"9652",3235.06607542245
"9653",3694.00464697886
"9654",1747.57987068879
"9655",4256.87047862413
"9656",6651.87822263059
"9657",4936.34622004954
"9658",4137.65186191502
"9659",11033.7601040914
"9660",3458.92619964667
"9661",3752.95971465926
"9662",3877.63320294913
"9663",5316.6683284358
"9664",2797.11193921673
"9665",4126.11962447781
"9666",3786.05734710902
"9667",7273.27536213043
"9668",10889.0209201641
"9669",5924.39071749267
"9670",9187.4963972324
"9671",4197.15655606339
"9672",7234.05683341465
"9673",4885.72817522509
"9674",6524.76702159859
"9675",7033.86538731068
"9676",3993.27732910885
"9677",3450.10339052812
"9678",7927.2420487167
"9679",5129.36005029111
"9680",7016.74915590684
"9681",4256.3846587165
"9682",3066.55420641741
"9683",7180.01388345513
"9684",4977.56213911803
"9685",7794.76684597699
"9686",8095.99135396827
"9687",2044.13057656604
"9688",2870.18569590553
"9689",4673.51931434358
"9690",3745.49629433523
"9691",7648.22443358973
"9692",5064.95028447994
"9693",4904.06179186079
"9694",6650.92633448925
"9695",10822.7945085471
"9696",4057.69796488842
"9697",4253.94858457975
"9698",5350.82335268531
"9699",2677.08663598081
"9700",4941.17783638078
"9701",3842.54715043894
"9702",8169.91213687928
"9703",2940.47274882835
"9704",5450.64266477304
"9705",3961.62186313904
"9706",6126.92985089071
"9707",2308.19762140338
"9708",5677.94627711707
"9709",2341.30196426198
"9710",3848.18012070039
"9711",3089.51877399854
"9712",6153.52397618949
"9713",5983.96148540458
"9714",7703.864545586
"9715",11177.0153217299
"9716",4343.65184271982
"9717",3254.2945798494
"9718",6145.9361638925
"9719",2476.83289354184
"9720",2494.74708160979
"9721",8151.86424587399
"9722",6523.82076691696
"9723",5560.40714691574
"9724",1494.78977594728
"9725",12862.6308930998
"9726",8524.56580198085
"9727",2184.97761196468
"9728",5690.02220218634
"9729",3238.37892660353
"9730",7093.91210730595
"9731",5191.45972133492
"9732",5198.52094106888
"9733",5425.23739323934
"9734",4789.07610286644
"9735",9265.75691919943
"9736",5239.01191648323
"9737",4209.2039860799
"9738",4097.67632851627
"9739",5033.27012615214
"9740",5443.31968549808
"9741",5126.40336516721
"9742",7693.00576600095
"9743",6041.0537045293
"9744",5190.51450193371
"9745",1691.78230319615
"9746",13191.0211986532
"9747",5261.92062449182
"9748",2695.84417814773
"9749",5564.07946291543
"9750",5897.76672331186
"9751",6820.86596261436
"9752",4248.87521600566
"9753",7740.5135550641
"9754",13136.0303178584
"9755",4153.32297393936
"9756",7118.69216894882
"9757",9618.42347325158
"9758",9988.33478484151
"9759",3008.37510839314
"9760",7866.16253566736
"9761",4367.30072196294
"9762",2244.29225741461
"9763",7087.57644759148
"9764",3758.79263107351
"9765",2860.59895173612
"9766",5872.12174096116
"9767",5507.04463683732
"9768",2146.346610051
"9769",8465.85503945133
"9770",2506.05716523429
"9771",8676.14974714455
"9772",4042.9587227084
"9773",4246.44054197369
"9774",9667.52323889942
"9775",5713.4056175524
"9776",1711.41945990629
"9777",3609.26741137594
"9778",4954.5757477603
"9779",6769.25499109464
"9780",5310.44537875382
"9781",3673.22660100862
"9782",4307.80705590319
"9783",4856.58765770815
"9784",5694.25037156045
"9785",3675.75163969473
"9786",2165.06562210462
"9787",1522.48321703164
"9788",5426.52528940566
"9789",5007.86356111587
"9790",5256.83688897203
"9791",5944.43776938424
"9792",9064.07336087566
"9793",4326.42319647042
"9794",7649.81903676497
"9795",5471.75653647841
"9796",6114.48192271509
"9797",4675.20829197654
"9798",6727.27948463516
"9799",2875.29654576042
"9800",2573.38555175258
"9801",5061.46024265839
"9802",5405.37857206783
"9803",5407.39445522975
"9804",3734.87329798809
"9805",5138.71614231548
"9806",9521.99555861816
"9807",4556.31308047537
"9808",7887.2580729475
"9809",4223.31807991356
"9810",8714.03460607212
"9811",6243.15681162378
"9812",4464.71022780839
"9813",3386.21842611377
"9814",2986.43635864597
"9815",5753.04311067914
"9816",4756.54323773552
"9817",9140.39008781867
"9818",6354.94856826495
"9819",5604.11603400618
"9820",3868.15990009304
"9821",4944.89832521422
"9822",6988.82007793913
"9823",5683.40983977233
"9824",4423.28535053355
"9825",5669.05055532284
"9826",12654.971887956
"9827",2600.22734011634
"9828",4307.14123178873
"9829",2499.34251309233
"9830",5736.01520083559
"9831",5799.61318660574
"9832",3298.59484931064
"9833",6999.83019090205
"9834",6901.35163653473
"9835",7179.2465361043
"9836",11986.255313629
"9837",3514.98440758709
"9838",3741.46837152576
"9839",5435.74094147841
"9840",2497.54236095661
"9841",4415.03223510459
"9842",5301.05671554198
"9843",3095.01425481803
"9844",10319.6302120109
"9845",5823.63863171963
"9846",3810.88490639749
"9847",5487.25905301538
"9848",5392.5187492983
"9849",4905.66768449132
"9850",8450.735800953
"9851",4176.06950379873
"9852",3146.14473855647
"9853",7690.60063579917
"9854",3016.45244769915
"9855",5602.65858144354
"9856",4354.12360323983
"9857",5798.05265837314
"9858",2934.26883805444
"9859",8395.08226261294
"9860",2294.18258525751
"9861",5940.08491800388
"9862",2405.95605848869
"9863",7728.55779148842
"9864",4549.28421831824
"9865",2541.13035582093
"9866",6627.55978421436
"9867",12196.0125863639
"9868",6381.15223887056
"9869",5568.08179669437
"9870",3372.58026271459
"9871",4527.897965685
"9872",4378.45059802901
"9873",5966.52669213101
"9874",3272.02847033838
"9875",4448.36083055567
"9876",9714.02252722048
"9877",6598.83628819778
"9878",1926.4357609672
"9879",5259.15070447972
"9880",6352.99494017044
"9881",5490.99638185569
"9882",3679.96105541993
"9883",7477.63526068057
"9884",7380.87870873592
"9885",2571.65207817871
"9886",6548.80308849906
"9887",5321.44342484319
"9888",3316.1126002422
"9889",11367.780885561
"9890",2547.09098214959
"9891",6931.49286337919
"9892",4740.90416798968
"9893",6455.2300575542
"9894",7425.05816982046
"9895",3736.48371131491
"9896",10014.1489297795
"9897",6406.59606629127
"9898",5143.5124499115
"9899",1766.19027167332
"9900",6929.33163845132
"9901",2831.39766546205
"9902",5184.31725710171
"9903",4762.84498769185
"9904",2387.43742899434
"9905",1946.84757472953
"9906",3481.33684283413
"9907",3907.08864320617
"9908",2676.4047381726
"9909",7096.57153655152
"9910",4561.7876961765
"9911",5731.49385942257
"9912",4742.05348827905
"9913",11836.9305800531
"9914",5027.81465525192
"9915",6121.29099138686
"9916",2803.30643348896
"9917",8082.75419098069
"9918",3443.19601858599
"9919",5683.34493382141
"9920",5445.4977259002
"9921",6926.45371452998
"9922",887.184198835574
"9923",2734.38319307251
"9924",3999.66901827883
"9925",1495.29785773274
"9926",2404.12408381235
"9927",4203.17071502213
"9928",6956.03833656968
"9929",6048.02354061598
"9930",4550.07092543296
"9931",8269.26645060279
"9932",6058.50902908528
"9933",6022.00758746284
"9934",9306.91363876587
"9935",7103.60978003894
"9936",12147.136501617
"9937",2209.90965339
"9938",5372.11694224394
"9939",1984.81670109008
"9940",2918.27975341119
"9941",6305.37938800827
"9942",5295.05192733381
"9943",6416.98444361711
"9944",6511.54205674614
"9945",6369.24471303279
"9946",6239.94222153077
"9947",2479.0388366112
"9948",2565.77645568573
"9949",6025.74027488788
"9950",5445.41345441679
"9951",6988.70707689639
"9952",7389.09172395628
"9953",7848.68688488769
"9954",7288.77817681344
"9955",6212.09500575793
"9956",4791.35053674382
"9957",6407.85157403926
"9958",5416.41468175617
"9959",4752.64805175917
"9960",3696.52921918733
"9961",5809.26915036712
"9962",2321.61950909981
"9963",6686.1644850407
"9964",5459.92275681044
"9965",3150.57475058915
"9966",3741.16137292009
"9967",15718.0955372152
"9968",3505.64307329291
"9969",5348.07328779914
"9970",2733.83080958173
"9971",5600.81645782647
"9972",4194.70448177349
"9973",7785.90809628722
"9974",5833.44685347524
"9975",4208.92521416623
"9976",7463.5752777764
"9977",4867.02603811666
"9978",7066.93840186537
"9979",5640.03865980619
"9980",6882.81102362566
"9981",1710.80560827366
"9982",4773.05600618629
"9983",6967.18642211537
"9984",3397.75212778919
"9985",4646.40454796131
"9986",4073.33243104495
"9987",4870.16839188978
"9988",5573.83207923651
"9989",4531.96913566772
"9990",2746.84124796925
"9991",8095.29059585108
"9992",1565.89675943629
"9993",8915.41350104206
"9994",4280.43663687183
"9995",5178.84764412307
"9996",2333.11752358149
"9997",1887.48033318634
"9998",5850.62363034202
"9999",12894.2533062256
"10000",3316.49051610898
